전시구분, 장소, 제목, 참여작가, 기간, 전시실
현재전시,서울,《움직임을 만드는 움직임》,로테 라이니거. 오스카 피싱거. 렌 라이. 카렐 제만. 노먼 매클래런,2021.04.23-2021.09.26,7전시실 및 미디어랩
현재전시,덕수궁,미술이 문학을 만났을 때,이상. 구본웅. 박태원. 정현웅. 이태준. 김용준. 황술조. 김광균. 김환기. 유영국. 이중섭 등 문학가 및 미술가 50여명,2021.02.04-2021.05.30,전관
현재전시,청주,탄생 100주년 기념 - 박래현. 삼중통역자,박래현,2021.01.26-2021.05.09,기획전시실
현재전시,과천,2021 뉴미디어 소장품 기획전: 불합리한 환상극 ,윌리엄 켄트리지. 날리니 말라니. 양푸둥,2020.12.23-2021.05.30,2원형전시실
현재전시,청주,미술은행·정부미술은행 소장품 기획전시 <풍경을 그려내는 법>,(1. 풍경의 해석) 유근택. 강운. 김현경. 이재삼. 유승호. 배병우. 조정태. 박진명. 오원배. 김해경. 이문주. 이귀영 (2. 시선과 색채) 공성훈. 김진열. 서용선. 이소연. 강홍구. 이철량. 김태혁. 손경숙. 변내리. 이호욱. 정세라. 김병종. 이현호. 손승범 (3. 재료의 변형) 황인기. 김종숙. 김현태. 정형준. 최소영. 조영미. 박희섭. 김남영. 차종례. 박승모. 황혜선. 강은구. 모준석. 황선태. 정정주. 노신경. 정석의. 김상균. 조미영. 이명호,2020.12.22-2021.12.31,개방수장고. 온라인 미술관 VR
현재전시,청주,개방 수장고 개편,,2020.12.03-2026.12.31,개방수장고
현재전시,청주,2020-2021 특별수장고 《국립현대미술관 드로잉 소장품》 ,박수근. 이중섭. 박현기. 정기용. 서용선. 정탁영 등 다수,2020.12.01-2021.10.31,특별수장고
현재전시,청주,MMCA 청주프로젝트 2020 《권민호: 회색 숨》,권민호,2020.10.29-2021.11.14,미술품수장센터 외벽 및 로비
현재전시,과천,2020년 과천 《MMCA 예술놀이마당》,김도희. 김주현. 최재혁,2020.10.14-2021.06.27,야외
현재전시,과천,MMCA 과천프로젝트 2020,stpmj,2020.10.08-2021.05.30,야외조각장 및 특별전시공간
현재전시,과천,시대를 보는 눈 : 한국근현대미술,250여 명,2020.07.21-2022.07.31,3. 4. 5. 6전시실 및 회랑
현재전시,서울,MMCA 소장품 하이라이트 2020+,50여명,2020.05.06-2021.06.27,1전시실
예정전시,과천,다다익선 바로크,백남준. 공성훈. 구본창. 금누리. 문주. 박화영. 육근병. 이수경.   이용백. 정연두. 함경아 등 30여 명,2021.12.16-2022.02.27,1.2전시실. 중앙홀
예정전시,덕수궁,박수근,박수근,2021.11.11-2022.03.01,전관
예정전시,서울,프로젝트 해시태그 2021,,2021.11.02-2022.02.06,8전시실
예정전시,서울,아이 웨이웨이,아이 웨이웨이,2021.10.27-2022.02.01,
예정전시,서울,올해의 작가상 2021,심사를 거쳐 선정된 4인,2021.10.20-2022.01.30,2~4 전시실
예정전시,과천,MMCA 과천프로젝트 2021,선정 중,2021.10.01-2022.05.01,
예정전시,과천,최욱경,최욱경,2021.09.17-2021.11.14,
예정전시,서울,평화예술: 온,선정 중,2021.09.17-2022.02.01,
예정전시,과천,생태예술: 대지의 시간,김주리. 장민승. 정소영. 백정기. 아닉카 이. 피에르 위그. 크리스티앙 볼탕스키 등 / 국내외 작가 약 15팀,2021.09.10-2021.11.14,
예정전시,서울,MMCA 현대차 시리즈 2021,,2021.09.03-2022.02.06,5전시실
예정전시,덕수궁,덕수궁 프로젝트 2021,,2021.08.26-2021.11.28,야외
예정전시,청주,MMCA 청주프로젝트 2021,선정 중,2021.08.01-2022.08.01,
예정전시,청주,미술원. 함께 사는 법,동물과 식물. 인간의 공존과 공유를 다룬 작가 약 20여 명,2021.07.06-2021.11.21,
예정전시,덕수궁,한국미술. 전통과 현대,,2021.07.01-2021.10.10,전관
예정전시,과천,놀이하는 사물,이헌정. 서정화. 신혜림. 이광호. 현광훈. 이상민. 이준아. NOL,2021.06.10-2022.02.27,1원형전시실
예정전시,과천,젊은모색 2021,,2021.05.28-2021.08.15,1.2전시실. 중앙홀
예정전시,서울,정상화,정상화,2021.05.22-2021.09.26,3.4전시실
예정전시,서울,코로나19. 재난과 치유,무진형제. 써니 킴. 이배. 노은님. 허윤희. 안드레아 지텔. 에이샤-리사 아틸라. 리우 와. 타츠오 미야지마 등 국내외 40여 작가/팀,2021.05.14-2021.08.01,5.6전시실 및 서울박스
예정전시,어린이미술관, 《너랑 나랑___》전,김유선. 김지수. 리사박. 서세옥. 이미주. 최호철. 홍승혜. 앤디 워홀,2021.05.04-2022.12.11,
예정전시,서울,황재형: 회천(回天),황재형,2021.04.30-2021.08.22,2전시실
과거전시,과천,올림픽 이펙트: 한국 건축과 디자인 8090,전시 참여: 게리 허스트윗. 구본창. 권민호. 다이아거날 써츠(김사라). 서울과학사. 서울스테이지. 선우훈. 이만익. 진달래&박우혁. 최용준. 텍스처 온 텍스처 / 작품 및 자료 협조: 212 컴퍼니. CDR 어소시에이츠. KBS. 구상. 기흥성 뮤지엄. 롯데월드. 리마크프레스. 목천김정식문화재단. 박영신. 삼성이노베이션뮤지엄. 서울기록원. 서울도서관. 아시아문화원. 엠케이컬렉션. 오창섭. 임진우. 정국현. 정림건축. 조찬원. 조현주. 주식회사 산돌. 퍼시스. 황두진 ,2020.12.17-2021.04.11,1전시실. 중앙홀
과거전시,서울,국립현대미술관 미술은행 소장품 특별전 「돌아온 미래 Super Nature-Hypnagogia」,col.l.age+ 장승효&김용민,2020.12.15-2020.12.27,종친부(야외)
과거전시,서울,올해의 작가상 2020,김민애. 이슬기. 정윤석. 정희승,2020.12.04-2021.04.04,2.3.4전시실
과거전시,서울,이승택 - 거꾸로. 비미술,이승택,2020.11.25-2021.03.28,6.7전시실
과거전시,레지던시,국립현대미술관 창동레지던시 입주보고서 2020,국동완. 배인숙. 빠키,2020.11.20-2020.11.29,창동레지던시
과거전시,과천,유강열과 친구들: 공예의 재구성,유강열. 정규. 이중섭. 최승천. 이영순. 신영옥 등 25명,2020.10.15-2021.04.11,2전시실
과거전시,서울,MMCA 현대차 시리즈 2020: 양혜규―O2 & H2O,양혜규,2020.09.29-2021.02.28,전시실5. 서울박스
과거전시,덕수궁,탄생 100주년 기념: 박래현. 삼중통역자,박래현,2020.09.24-2021.01.03,전관
과거전시,서울,모두를 위한 미술관. 개를 위한 미술관,권도연. 김경재. 김세진. 김용관. 유승종. 정연두. 조각스카웃. 데멜자 코이. 데이비드 슈리글리. 데이비드 클레어보트. 베아테 귀트쇼. 엘리 허경란. 한느 닐슨 & 비르기트 욘센. 김정선 X 김재리. 남화연. 다이애나밴드. 박보나. 양아치. 데릭 저먼. 안리 살라. 장뤼크 고다르,2020.09.04-2020.10.25,7전시실. 전시마당. 미술관마당. MMCA필름앤비디오
과거전시,서울,프로젝트 해시태그 2020,강남버그. 서울퀴어콜렉티브,2020.07.24-2020.09.30,8전시실
과거전시,서울,낯선 전쟁,김성환. 김영덕. 김우조. 김환기. 남관. 문신. 박고석. 변월룡. 신석필. 양달석. 오태학. 우신출. 윤중식. 이수억. 이응노. 이철이. 임응식. 임호. 전선택. 주명덕. 한묵. 존 리치. 테드 주버. 프랭크 노튼. 이보르 헬레. 김세진. 김태동. 나현. 노순택. 박경근. 안은미. 이동표. 이지유. 최대진. 한석경. 논타와 눔벤차폴. 도미야마 다에코. 로베르 크로스&안토아네트 드 용. 리나 사이니 칼라트. 사왕웡세 양훼. 슈토 델라티. 아이 웨이웨이. 에르칸 오즈겐. 요안나 라즈코프스카. 일레인 호이. 도큐먼츠. 오픈데이터 프로젝트. 워크스. 피스모모,2020.06.25-2020.11.08,2.3.4전시실 및 공용공간. 멀티프로젝트홀
과거전시,과천,이승조: 도열하는 기둥,이승조,2020.06.18-2020.11.08,1전시실
과거전시,과천,신나는 빛깔 마당,김용관. 김진송. 박기원. 박미나. 백인교. 조숙진,2020.06.18-2021.03.28,1원형전시실
과거전시,청주,보존과학자 C의 하루,김지수. 류한길. 우종덕. 정정호. 주재범. 김세진. 제로랩. 구본웅. 권진규. 니키 드 생팔. 신미경. 오지호. 육명심. 이갑경. 이서지. 전상범. 정성근 ,2020.05.26-2020.11.29,기획전시실
과거전시,서울,2020 아시아 기획전 《또 다른 가족을 찾아서》,이강승. 에이사 족슨. 98B 콜라보레이터리+허브 메이크 랩+칸티나. 이 이란. 듀킴. 아이작 충 와이. 정유경. 왕 투오. 와타나베 아츠시. 자티왕이 아트 팩토리+버드나무가게. 페미니스트 디자이너 소셜 클럽. (FDSC). 탄디아 페르마디. 사우스 호 시우 남. 니 하오. 레스박,2020.05.22-2020.08.23,5. 6 전시실. 공용 복도 및 전시마당
과거전시,과천,판화. 판화. 판화,국내작가 60여명,2020.05.14-2020.08.16,2전시실
과거전시,덕수궁,미술관에 書: 한국 근현대 서예전,강병인. 고봉주. 권창륜. 김규진. 김기승. 김기창. 김돈희. 김용준. 김응현. 김종건. 김종영. 김창열. 김충현. 김태석. 김환기. 남관. 박대성. 박원규. 배길기. 서병오. 서세옥. 서희환. 석도륜. 손재형. 송성용. 안상수. 여태명. 오세창. 오수환. 유희강. 이강소. 이기우. 이돈흥. 이상현. 이우환. 이응노. 이일구. 이철경. 이한복. 장우성. 정진열. 최만린. 최민렬. 하승연. 현중화. 황석봉. 황인기. 황창배 (가나다 순),2020.05.06-2020.08.23,전관
과거전시,서울,수평의 축,에이샤-리사 아틸라. 테레시타 페르난데즈. 바이런 킴. 김세진. 데이비드 내시. 제니퍼 스타인캠프. 토마스 스투르스. 올라퍼 엘리아슨. 앤디 골즈워시. 한스 하케. 박기원. 팀 프렌티스. 헤수스 라파엘 소토. 로랑 그라소. 맵 오피스. 원성원. 한성필,2020.05.06-2020.05.31,2.3.4전시실
과거전시,청주,2019 로비 프로젝트: 홍범,홍범,2019.12.17-2020.03.01,로비
과거전시,과천,한국 비디오 아트 7090: 시간 이미지 장치,김구림. 박현기. 곽덕준. 육근병. 이원곤. 김영진. 함양아 등 한국 비디오 작가 60여 명,2019.11.28-2020.05.31,3. 4. 5. 6전시실
과거전시,국립현대미술관,MMCA 커미션 프로젝트 《당신을 위하여: 제니 홀저》,제니 홀저,2019.11.23-2020.07.05,서울. 과천
과거전시,레지던시,창동레지던시 입주보고서 2019,권병준. 박선민. 이민경 & 루크 슈뢰더. 다니엘 몬로이 쿠에바스. 베로니카 레너. 움베르토 훙카. 훌리아 카리요. 카를로 코린스키. 타일러 코번. 프라우케 슐리츠,2019.11.22-2019.12.01,창동레지던시
과거전시,레지던시,오픈스튜디오15,강호연. 고사리. 김동현. 김재민이. 김정모. 민혜기. 박관택. 박지혜. 여다함. 옥정호. 이원우. 전보경. 정재경. 최윤석. 웨이신 ? 총,2019.11.07-2019.11.09,고양레지던시
과거전시,서울,MMCA 현대차 시리즈 2019: 박찬경 ? 모임 Gathering,박찬경,2019.10.26-2020.02.23,5전시실
과거전시,과천,국립현대미술관 개관 50주년 기념전 《광장: 미술과 사회 1900-2019》2부. 1950-2019,김환기. 이중섭. 이승택. 성능경. 오윤. 윤석남. 안상수. 최춘웅. 이재욱. 크리스티앙 볼탕스키 등 작가 220여명,2019.10.17-2020.03.29,과천관 1. 2 전시실. 중앙홀. 원형전시실
과거전시,덕수궁,국립현대미술관 개관 50주년 기념전 《광장: 미술과 사회 1900-2019》1부. 1900-1950,채용신. 오세창. 안중식. 김용준. 김환기. 이쾌대. 이중섭 등 80여명,2019.10.17-2020.02.09,전관
과거전시,서울,올해의 작가상 2019,김아영. 박혜수. 이주요. 홍영인,2019.10.12-2020.03.01,1.2전시실
과거전시,청주,현대회화의 모험:나는 나대로 혼자서 간다,17명(권순영.박경진.서고운.안두진.안지산.양유연.왕선정.우정수.이샛별.이소연.이우성.이호인.장종완.전현선.조문기.최병진.최수진),2019.09.27-2020.03.29,기획전시실
과거전시,서울,국립현대미술관 50주년 기념전 《이경성을 회고하다》,이경성,2019.09.27-2020.03.29,디지털아카이브
과거전시,청주,야외프로젝트 《코디 최: 베네치안 랩소디-허세의 힘》,코디 최,2019.09.26-2020.09.06,입구 외벽
과거전시,서울,국립현대미술관 개관 50주년 기념전 《광장: 미술과 사회 1900-2019》3부. 2019,김희천. 날리니 말라니. 신승백 김용훈. 송성진. 에릭 보들레르. 오형근. 요코미조 시즈카. 정서영. 주황. 함양아. 홍승혜. 홍진훤 등 총 19명,2019.09.07-2020.03.29,3. 4. 8 전시실
과거전시,국립현대미술관,덕수궁-서울 야외 프로젝트: 기억된 미래 ,뷰로 스펙타큘러. 씨엘쓰리. 오비비에이. 오브라 아키텍츠. 스페이스 파퓰러,2019.09.05-2020.04.05,덕수궁.서울
과거전시,서울,김순기: 게으른 구름,김순기,2019.08.31-2020.01.27,6. 7전시실 및 전시마당
과거전시,레지던시,평평한 세계와 마주보기,모니카 로페즈 데 빅토리아. 소냐 소피아 야코블레바. 쉬엔-전 랴오. 아네타 카이저. 아르튀르 데마르또. 히로후미 마스다,2019.08.09-2019.08.22,고양레지던시
과거전시,청주,야외프로젝트 《최정화: 민들레》,최정화,2019.07.16-2020.10.04,잔디광장
과거전시,청주,나만의 보물을 찾아서 : Secret Storage,총 116명,2019.06.25-2019.12.31,개방수장고
과거전시,과천,젊은모색 2019: 액체 유리 바다,김지영. 송민정. 안성석. 윤두현. 이은새. 장서영. 정희민. 최하늘. 황수연,2019.06.20-2019.09.15,2전시실
과거전시,과천,탄생 100주년 기념-곽인식,곽인식,2019.06.13-2019.09.15,1전시실. 중앙홀
과거전시,레지던시,약속된 미래,권병준. 박선민. 이민경. 루크 슈뢰더. 란티엔 시에. 후안 파블로 에체베리,2019.05.31-2019.06.09,창동레지던시
과거전시,덕수궁,근대미술가의 재발견 1,정찬영. 백윤문. 정종여. 임군홍. 이규상. 정규,2019.05.30-2019.09.15,전관
과거전시,서울,떠도는 영상들의 연대기,국립현대미술관에서 단채널 작품을 소장하고 있는 작가,2019.05.30-2019.08.25,디지털정보실 3층 디지털아카이브
과거전시,서울,박서보: 지칠 줄 모르는 수행자,박서보,2019.05.18-2019.09.01,1. 2 전시실
과거전시,서울,안톤 비도클: 모두를 위한 불멸,안톤 비도클,2019.04.27-2019.07.21,6전시실
과거전시,서울,대안적 언어 ? 아스거 욘. 사회운동가로서의 예술가,아스거 욘,2019.04.12-2019.09.08,5전시실. 서울박스
과거전시,어린이미술관,#보다 ,김범. 세자르 발다치니. 안규철. 이건용. 이동욱. 토마스 스트루스,2019.03.27-2020.08.31,
과거전시,서울,불온한 데이터 ,Superflex. Cao Fei. Forensic Architecture. Racheal Ara. Zach Blas. Simon Denny. Chris Shen. Harm van den Dorpel. 김실비. 김웅현,2019.03.23-2019.07.28,3. 4 전시실
과거전시,과천,신소장품 2017-2018,이중섭. 이응노. 한스 하케 외 70 여 명,2019.03.21-2019.09.01,1원형전시실
과거전시,과천,세상에 눈뜨다: 아시아 미술과 사회 1960s - 1990s,100여명,2019.01.31-2019.05.06,1. 2 전시실 및 중앙홀
과거전시,청주,별 헤는 날: 나와 당신의 이야기,김을. 강익중. 김수자. 정연두. 원성원. 김옥선. 이선민. 김상우. 차재민. 최수앙. 전소정. 임흥순. 양정욱. 김다움. 고재욱,2018.12.27-2019.08.25,기획전시실
과거전시,서울,마르셀 뒤샹 ,마르셀 뒤샹,2018.12.22-2019.04.07,1. 2 전시실
과거전시,서울,《미장센: 이미지의 역사》 ,박찬경. 송상희. 임흥순,2018.12.05-2019.04.28,디지털정보실 3층 디지털아카이브
과거전시,레지던시,창동레지던시 입주보고서 2018,성낙희. 송주원. 라킨 오군반워. 마이클 저스트. 카로 악포키에르. 켈리 사피아 막슈드. 팅-팅 쳉,2018.11.23-2018.12.02,창동레지던시
과거전시,덕수궁,대한제국의 미술-빛의 길을 꿈꾸다,안중식. 조석진. 채용신. 이도영. 김규진. 김은호 등 15여 명,2018.11.15-2019.02.06,전관
과거전시,레지던시,2018 고양레지던시 ≪오픈스튜디오 14≫,김도희. 김두진. 김소영. 민예은. 박석민. 송민규. 신이피. 안유리. 오화진. 이민하. 이재욱. 정혜정. 조은용. 허수영. 다니엘 슈투벤폴. 루오 저신. 루트 후터. 안드레스 브리손. 켄지 마키조노. 필립 알라르,2018.11.09-2018.11.11,고양레지던시
과거전시,서울,《하룬 파로키 ? 우리는 무엇으로 사는가?》,하룬 파로키 ,2018.10.27-2019.04.07,6.7 전시실. 미디어랩
과거전시,과천,문명: 지금 우리가 사는 방법,130여명,2018.10.18-2019.02.17,1원형전시실
과거전시,과천,소장품 특별전 《균열 Ⅱ: 세상을 보는 눈/ 영원을 향한 시선》,오인환. 노순택. 구민자. 김환기. 유영국. 백남준 등 55인,2018.09.18-2019.10.20,3. 4전시실. 2층 회랑
과거전시,서울,《MMCA 현대차 시리즈 2018: 최정화 ? 꽃.숲》,최정화,2018.09.05-2019.03.03,5전시실. 미술관 마당 
과거전시,과천,김중업 다이얼로그,김중업,2018.08.30-2018.12.16,2전시실 및 중앙홀
과거전시,서울,올해의 작가상 2018,구민자. 옥인 콜렉티브(김화용. 이정민. 진시우). 정은영. 정재호,2018.08.11-2018.11.25,1. 2전시실
과거전시,서울,윤형근 ,윤형근 ,2018.08.04-2019.02.06,3.4.8전시실
과거전시,고양레지던시,여행의 기술: The Art of Travel,다니엘 슈투벤폴. 루오 저신. 루트 후터. 켄지 마키조노. 필립 알라르 ,2018.07.27-2018.08.09,
과거전시,과천,박이소: 기록과 기억,박이소,2018.07.26-2018.12.16,1전시실
과거전시,서울,뉴미디어 아카이브 《알레고리. 사물들. 기억술》,구동희. 김세진. 김아영. 안정주,2018.07.25-2018.11.25,디지털정보실 3층 디지털아카이브 
과거전시,과천,소장품전: 근대를 수놓은 그림   ,이중섭. 김환기 등 100여명,2018.07.11-2019.06.23,5.6 전시실
과거전시,레지던시,모두의 변주곡,방혜진. 성낙희. 송주원. 쿤 타스랄. 쥬느비에브 아켄. 파비오 라탄치 안티노리,2018.06.01-2018.06.10,창동레지던시
과거전시,서울,예술과 기술의 실험(E.A.T.): 또 다른 시작,로버트 라우센버그. 로버트 휘트먼. 존 케이지. 머스 커닝햄. 백남준. 앤디 워홀. 로버트 브리어. 토니 마틴. 한스 하케. 장 뒤피. 멜 보크너. 안나 룬드 등,2018.05.26-2018.09.16,6.7전시실
과거전시,서울,아크람 자타리: 사진에 저항하다,아크람 자타리(Akram Zaatari),2018.05.11-2018.08.19,5전시실
과거전시,덕수궁,내가 사랑한 미술관: 근대의 걸작展,안중식. 이상범. 고희동. 김종태. 오지호. 김환기. 박수근. 이중섭 등 한국 대표 근대작가 70여명,2018.05.03-2018.10.14,1~4전시실
과거전시,과천,《기증작품 특별전 2010-2018》,강운구 작가 등 47명 ,2018.04.25-2018.12.16,2원형 전시실
과거전시,서울,2018  아시아 기획전 《당신은 몰랐던 이야기》,티모테우스 앙가완 쿠스노. 요게쉬 바브. 장 쉬잔. 타오 후이. 염지혜. 카마타 유스케. 엘리아 누비스타. 안유리. 마르타 아티엔자. 황 포치. 마크 살바투스. 후지이 히카루. 맵오피스. 루앙루파+세룸. 98B 콜라보레이터리(총 15인/그룹),2018.04.07-2018.07.08,1.2.3.4전시실 및 공용공간
과거전시,과천,탄생 100주년 기념. 이성자_지구 반대편으로 가는 길,이성자,2018.03.22-2018.07.29,2전시실. 중앙홀
과거전시,어린이미술관,예술이 잇는 세상,김민애. 김범. 샌디 스코글런드. 필리프 라메트. 호상근,2018.03.22-2019.01.31,국립현대미술관 과천관 어린이미술관
과거전시,과천,이정진: 에코-바람으로부터,이정진,2018.03.08-2018.07.01,1전시실
과거전시,과천,소장품 특별전: 동시적 순간,김희천. 남화연. 박찬경. 안정주. 오민. 전소정,2018.02.15-2018.09.16,1원형 전시실
과거전시,덕수궁,신여성 도착하다,김인숙. 나상윤. 나혜석. 박래현. 박을복. 배정례. 이현옥. 전명자. 정찬영. 천경자 등 총 68명 ,2017.12.21-2018.04.01,1~4 전시실
과거전시,서울,국립현대미술관 현대차시리즈 2017 : 임흥순 <우리를 갈라놓는 것들> ,임흥순,2017.11.30-2018.04.08,5. 7 전시실 및 전시마당. 복도공간 등
과거전시,레지던시,국립현대미술관 《창동레지던시 입주보고서 2017》,손광주. 진시우. 최 선. 아리쥐 카우드. 왈리드 알 와위. 마말리 샤파히. 모즈타바 아미니. 리 카이 청. 호르헤 마이네스 루비오 ,2017.11.17-2017.11.26,창동 레지던시
과거전시,서울,요나스 메카스: 찰나. 힐긋. 돌아보다,요나스 메카스,2017.11.08-2018.03.04,6전시실
과거전시,과천,리처드 해밀턴,리처드 해밀턴,2017.11.03-2018.01.21,1전시실
과거전시,레지던시,2017 고양레지던시 《오픈스튜디오 13》,구수현. 권도연. 권혜원. 김남훈. 김민정. 김수연. 김은형. 김하연. 신정균. 우정수. 이은영. 전명은. 전혜림. 정성윤. 최성록. 하석준. 루디 드슬리에르. 마티유 라튈리프. 야스민 베르너. 유스케 카마타. 치웅-팡 창. 클라우디아 슈미츠. 하딤 알리,2017.10.20-2017.10.22,
과거전시,과천,2017 MMCA 페스티벌 : 예술로(路) 오름,강영호. 신해철. 오은. 오재우. 옥정호. 정원연. 한유주. 홍보람. NASA Park,2017.09.23-2017.09.24,야외조각공원
과거전시,과천,역사를 몸으로 쓰다,국내외 작가 38명,2017.09.22-2018.01.21,1원형전시실
과거전시,서울,올해의 작가상 2017,박경근. 백현진. 송상희. 써니 킴,2017.09.13-2018.02.18,1. 2전시실
과거전시,서울,종이와 콘크리트: 한국 현대건축 운동 1987-1997,청년건축인협의회. 건축운동연구회. 수도권건축학도협의회.민족건축인협의회. 건축의미래를준비하는모임. 4.3그룹. 서울건축학교. 경기대 건축전문대학원. 선경건축스튜디오. 한샘기행 및 출판?저널·비평 관련 단체 등 +성재혁. 김경태. 더도슨트,2017.09.01-2018.02.18,3. 4전시실
과거전시,덕수궁,<덕수궁 야외프로젝트 : 빛?소리?풍경>,강애란. 권민호. 김진희. 양방언. 오재우. 이진준. 임수식. 장민승. 정연두,2017.09.01-2017.12.28,야외
과거전시,과천,층과 사이,50여명,2017.09.01-2018.04.29,5. 6전시실
과거전시,레지던시,2017 고양레지던시 국제교환입주 해외작가전 《첫눈에 반하다》,루디 드슬리에르. 마티유 라튈리프. 야스민 베르너. 유스케 카마타. 치웅-팡 창. 클라우디아 슈미츠. 하딤알리,2017.08.03-2017.08.17,고양 레지던시
과거전시,과천,심문섭. 자연을 조각하다,심문섭,2017.07.14-2017.10.09,1. 2전시실. 중앙홀
과거전시,서울,젊은 건축가 프로그램 2017,국내작가 약 23명,2017.07.11-2017.10.09,8전시실 및 미술관마당
과거전시,서울,크지슈토프 보디츠코: 기구. 기념비. 프로젝션,크지슈토프 보디츠코,2017.07.05-2017.10.09,5. 7전시실
과거전시,레지던시,제 3의 언어,손광주. 진시우. 최 선. 파레틴 오렌리. 에밀리 베이츠. 팀 써즈데이. 엠마 코랄,2017.05.25-2017.06.11,창동레지던시
과거전시,서울,불확정성의 원리,왈리드 라드. 호추니엔. 재커리 폼왈트. 권하윤,2017.05.24-2017.10.09,6전시실 및 멀티프로젝트홀
과거전시,레지던시,2017 고양레지던시 입주작가 소개전 《INTRO》,구수현. 권도연. 권혜원. 김남훈. 김민정. 김수연. 김은형. 김하연. 신정균. 우정수. 이은영. 전명은. 전혜림. 정성윤. 최성록. 하석준,2017.05.18-2017.06.01,고양레지던시
과거전시,덕수궁,예술이 자유가 될 때: 이집트 초현실주의자들(1938-1965),1930-60년대 활동 이집트 초현실주의 작가 31명,2017.04.28-2017.07.30,1~4 전시실
과거전시,과천,국립현대미술관 소장품특별전: 균열,국내작가 100여명,2017.04.19-2018.04.29,3. 4전시실
과거전시,과천,한국현대미술작가 시리즈 윤승중 : 건축. 문장을 그리다,윤승중,2017.04.14-2017.08.06,5전시실
과거전시,과천,한국현대미술작가 시리즈 한정식 : 고요,한정식,2017.04.14-2017.08.06,6전시실
과거전시,과천,레슨 제로,국내외작가 18명,2017.03.31-2017.06.18,2전시실
과거전시,어린이미술관,미술관을 멋지게 즐기는 5가지 방법,,2017.03.31-2018.01.31,어린이미술관
과거전시,서울,신소장품 2013~16 삼라만상: 김환기에서 양푸둥까지,약 70명,2017.03.13-2017.08.13,1~4전시실
과거전시,과천,한국현대미술작가 시리즈 <송번수_50년의 무언극>,송번수,2017.03.10-2017.06.18,1전시실 및 중앙홀
과거전시,서울,≪미각의 미감≫,감동환. 바스 스티트겐. 스테파니 리틀러. 강주성. 고든 마타-클락. 김다움. 김종범. 김태범. 마르쉐@친구들. 보니 오라 셔크. 송전동. 아키타입. 안아라. Ab그룹(이혜연). 호르헤 마이네스 루비오,2016.12.05-2017.03.19,8전시실 외 기타 공간
과거전시,레지던시,《무인지대 No Man's Land》,리사 명주 키어리(호주). 막시모 코르발란-핀체이라(칠레). 엔리케 라미레즈(칠레). 이고르 비도르(브라질). 타일러 스테파니치(미국). 팀 브루커스(네덜란드). 파블로 로바토(브라질) ,2016.11.17-2016.12.04,창동레지던시
과거전시,덕수궁,유영국. 절대와 자유,유영국,2016.11.04-2017.03.01,제 1~4 전시실
과거전시,서울,<식물도감: 시적 증거와 플로라>,김지원. 신혜우. 이소요. 조혜진,2016.10.31-2017.03.19,교육동 3층 디지털아카이브
과거전시,서울,MMCA-현대차 l 뮤지엄 페스티벌: 마당 ,서울시향 첼로 앙상블. 장혜연(영상)+이병우(기타). 김세진(영상)+THSS(최태현. 민성식/사운드). 구영준(패션사진). 박승원(퍼포먼스). 산업예비군(김현준. 유화수. 이완/현장설치). 구민정(현장설치). 윤가림. 김주헌(현대무용가 겸 DJ). 하림(가수). 리 갬블(사운드). 다미라트(사운드). 트랜지스터헤드(사운드) 등 ,2016.10.26-2016.10.30,1층 로비. 미술관 마당. 종친부마당. 멀티프로젝트홀. 1층 주차장. 교육동 등 
과거전시,레지던시,2016 고양레지던시 《오픈스튜디오 12》,고재욱. 곽이브. 김남현. 김라연. 김신영. 김잔디. 김준. 심승욱. 연기백. 유화수. 윤지영. 이지양. 장서영. 최태훈. 최형욱. 황문정. Musquiqui Chihying. Eva Kietzmann. Marilyn Schneider. Damian Siqueiros. Daniel Stempfer. Takayuki Yamamoto,2016.10.21-2016.10.23,고양레지던시 입주 작가 개별 스튜디오 및 진시실. 중앙홀. 테라스 등
과거전시,서울,대한항공 박스 프로젝트 2016 <양지앙 그룹: 서예. 가장 원시적인 힘의 교류>,양지앙 그룹 / Yangjiang Group,2016.10.18-2017.08.27,서울박스
과거전시,서울,《보이드》,김희천. 오픈하우스서울(임진영. 염상훈. 성주은. 김형진. 최진이). 옵.신(서현석. 김성희. 슬기와 민). 장민승+정재일. 최춘웅,2016.10.12-2017.03.12,서울관 6전시실. 7전시실. 미디어랩. 기타 외부 공간 
과거전시,레지던시,창동레지던시 입주보고서 2016,김기수. 김은진. 백현진. 정지윤(2016년 창동레지던시 국내 입주 작가 4명),2016.10.07-2016.11.06,창동레지던시
과거전시,서울,올해의 작가상 2016,김을. 백승우. 함경아. 믹스라이스(양철모. 조지은),2016.08.31-2017.02.19,제1.2전시실
과거전시,서울,<공예공방│공예가 되기까지> ,이봉주. 고보형. 배연식. 강기호. 박미옥. 오화진 ,2016.08.31-2017.01.30,제 3. 4전시실 
과거전시,과천,국립현대미술관 과천30년 특별전 <달은. 차고. 이지러진다>,국내외 300여명(개인 및 그룹),2016.08.19-2017.03.19,1~6전시실. 1원형전시실. 중앙홀
과거전시,과천,국립현대미술관 과천30년 특별전 <공간 변형 프로젝트-상상의 항해>,국내외 건축가 30팀,2016.08.19-2017.03.19,3층 통로/온라인 전시
과거전시,서울,2016 다원예술프로젝트 <국립현대미술관 x 국립현대무용단 퍼포먼스 : 예기치 않은>,고재욱. 안데스. 이태원. 옥정호. 조형준. 김숙현&조혜정&김성현. 진달래&박우혁. 황수현. 김뉘연&전용완. 김보라&김재덕. 이재영. 태이. 김정선&마티아스 등 13팀,2016.08.17-2016.10.23,내. 외부 및 멀티프로젝트홀
과거전시,서울,국립현대미술관 현대차 시리즈 2016 : 김수자- 마음의 기하학,김수자,2016.07.27-2017.02.05,서울관 제5전시실 및 전시마당
과거전시,서울,MMCA 싱글채널 비디오 컬렉션 - 시적 모험,곽덕준 외 6명,2016.07.26-2016.08.07,멀티프로젝트홈
과거전시,과천,국립현대미술관 과천30년 특별전 <아카이브 프로젝트-기억의 공존>,,2016.07.15-2018.02.25,2원형전시실
과거전시,레지던시,2016 고양레지던시 국제교환입주 해외작가전 《플래시FLASH: 남겨진 이미지들》,무스퀴퀴 취잉. 에바 키츠만. 마릴린 슈나이더. 다미안 시퀘이로스. 다니엘 슈템퍼. 타카유키 야마모토,2016.07.14-2016.07.27,고양레지던시
과거전시,서울,젊은 건축가 프로그램 2016,신스랩 건축(최종 건축가) 포함하여 22팀,2016.07.06-2016.10.03,미술관 마당 및 8 전시실
과거전시,해외,2016 한-호 국제교류전 [뉴 로맨스 : 아트 앤 포스트 휴먼],강애란. 문경원&전준호. 양원빈. 이기봉. 이상현. 이소요. 진시영(한국). 레베카 바우만. 헤이든 파울러. 이안 번즈. 패트리샤 피치니니. 저스틴 숄더. 웨이드 마리노우스키. 스텔락&니나 셀라스. 지셀레 스탄보로(호주),2016.06.30-2016.09.04,호주현대미술관 (시드니)
과거전시,덕수궁,백년의 신화: 한국근대미술 거장전 이중섭 1916~1956,이중섭,2016.06.03-2016.10.03,제 1~4 전시실
과거전시,레지던시,2016 고양레지던시 입주 작가 소개 전시 《INTRO》,고재욱. 곽이브. 김남현. 김라연. 김신영. 김잔디. 김  준. 심승욱. 연기백. 유화수. 윤지영. 이지양. 장서영. 최태훈. 최형욱. 황문정,2016.05.31-2016.06.12,고양레지던시
과거전시,레지던시,2016 상반기 창동레지던시 입주 작가 전시 <무제한의 제한>,니콜라스 바칼(아르헨티나). 발레리아 콘테 막 도넬(아르헨티나). 야웬 푸(대만). 크리스 쉔(영국). 티몬 반 데어 하이든(네덜란드),2016.05.27-2016.06.15,창동레지던시
과거전시,서울,예술가의 문서들 : 예술. 타이포그래피 그리고 협업,케이스 하우츠바르트. 바르트 로데베이크스. 마르크 만더르스. 마르크 나흐참. 바티아 쉬터르. 로허르 빌럼스,2016.05.26-2016.08.31,디지털아카이브
과거전시,과천,한국현대미술작가시리즈 김봉태,김봉태,2016.05.25-2016.07.10,제 2전시실. 중앙홀
과거전시,과천,과천관 30주년 기념전 무릎을 뚫고 턱으로 빠지는 노래 - 김소라 프로젝트,김소라. 협업음악가(강태환. 계수정. 박민희. 방준석. 손경호. 최태현. 황병기. 알프레드 하르트),2016.05.25-2016.07.10,제 1 전시실
과거전시,서울,아주 공적인 아주 사적인 : 1989년 이후. 한국현대미술과 사진,주명덕. 구본창. 배병우. 김대수. 김장섭. 민병헌 외 80여 명,2016.05.04-2016.07.24,제1.2.3.4전시실
과거전시,서울,망상지구,이형주(프로젝트 디렉터). 김세진. 달파란. 박용석. 오영훈. 윤석무. 장영규. 장진영. 정태효. 조은지,2016.04.27-2016.07.17,제6전시실
과거전시,서울,에코 시스템: 질 바비에,질 바비에(Gilles Barbier),2016.04.13-2016.07.31,제7전시실. 미디어 랩
과거전시,과천,한국현대미술작가시리즈 <김형대 회고전>,김형대,2016.04.08-2016.07.17,제 4전시실 및 회랑 일부
과거전시,어린이미술관,미술관을 멋지게 즐기는 5가지 방법,,2016.03.29-2017.01.30,어린이미술관
과거전시,과천,한국현대미술작가시리즈 <초록빛 환영_이숙자>,이숙자,2016.03.25-2016.07.17,제 3전시실. 2층 회랑
과거전시,과천,과천 30년 기념 퍼포먼스: 김구림의 현상에서 흔적으로전 ,,2016.03.18-2016.03.18,야외 조각공원
과거전시,과천,한국현대미술작가시리즈 <최현칠_동행. 함께 날다>,최현칠,2016.03.11-2016.06.12,제 2원형전시실
과거전시,덕수궁,변월룡(Пен Варлен) 1916~1990,변월룡,2016.03.03-2016.05.08,제 1.2.3.4전시실
과거전시,과천,과천관 30년 특별전: 한국현대미술작가시리즈 <김태수>,김태수,2016.02.19-2016.06.06,제 5전시실
과거전시,과천,한국현대미술작가시리즈_사진: <육명심>,육명심,2015.12.11-2016.06.06,제 6전시실 및 3층 회랑
과거전시,서울,윌리엄 켄트리지 William Kentridge,윌리엄 켄트리지,2015.12.01-2016.03.27,제 2.3.4전시실
과거전시,과천,《멋의 맛_조성묵》전,조성묵,2015.12.01-2016.06.06,제 1원형전시실
과거전시,서울,필립 가렐 - 찬란한 절망,필립 가렐,2015.11.25-2016.02.28,제7전시실. 미디어랩
과거전시,덕수궁,한국화 소장품 특별전 제2부 <독화(讀畵). 그림을 읽다>,안중식. 조석진. 김은호. 이상범. 변관식. 허백련. 김규진 등 50여 명,2015.11.24-2016.02.10,제 1.2.3.4전시실
과거전시,과천,오승우 기증작품특별전,오승우,2015.11.24-2016.05.29,제 4전시실 내 기증작품 상설전시 공간
과거전시,레지던시,2015 하반기 창동레지던시 입주작가 결과전 《소우주》,"슈테판 티펜그라비아(오스트리아). 조셉 바레쉬(체코). 퀸 동(스위스). 도아 알리(이집트).	엘레오노르 상태뇽(프랑스). 올리비에 세베르(프랑스). 히로코 오카다(일본). 히카루 후지이(일본)",2015.11.19-2015.12.06,창동레지던시
과거전시,레지던시,고양레지던시 오픈스튜디오 11: De-Position,강민수. 권아람. 김가람. 김경호. 김동희. 김무영. 노기훈. 박승원. 박종호. 박호은. 백현주. 서해영. 안진균. 앙드레 마에노. 윤향로. 임주연. 정지현. 최수정. 크리스티나 마야 레옹,2015.11.13-2015.11.15,고양레지던시 전시실 및 19개 스튜디오
과거전시,서울,《님의 정원: 조덕현 아카이브》전,조덕현,2015.11.11-2016.04.16,디지털정보실 3층 디지털아카이브
과거전시,서울,대한항공 박스 프로젝트 2015: 율리어스 포프,율리어스포프(Julius Popp),2015.11.10-2016.09.04,서울박스
과거전시,과천,아티스트 파일 2015: 동행,12명,2015.11.10-2016.02.14,제 1전시실. 중앙홀
과거전시,서울,창동레지던시 입주보고서 2015: 임흥순. 장윤성. 진달래,임흥순. 장윤성. 진달래,2015.11.04-2015.11.29,제 8전시실
과거전시,해외,시애틀미술관 한국현대미술전: 장소의 패러독스,노순택. 양혜규. 이수경. 이용백. 임민욱. 정연두,2015.10.31-2016.03.13,시애틀 아시아 미술관
과거전시,서울,기증작품 특별전 〈서세옥〉전 ,서세옥,2015.10.27-2016.04.03,제1전시실
과거전시,해외,국립현대미술관 레지던시 작가전 <폐허에서>,김지은. 박승원. 박은하. 윤향로. 이우성. 이해민선. 정지현. 조혜진,2015.10.22-2015.11.21,주상하이한국문화원
과거전시,서울,2015 한-호 국제교류전 뉴 로맨스,레베카 바우만. 이안 번즈. 헤이든 파울러. 진시영. 정승. 강애란. 이상현. 이소요. 웨이드 메리노우스키. 패트리샤 피치니니. 이기봉. 저스틴 숄더. 스텔락. 양원빈,2015.09.22-2016.01.24,제6전시실.전시마당.멀티프로젝트홀
과거전시,서울,국립현대미술관 현대차 시리즈 2015: 안규철 - 안 보이는 사랑의 나라,안규철,2015.09.15-2016.05.22,제5전시실
과거전시,과천,한국화 소장품 특별전 제1부 <멈추고. 보다>,70여명,2015.09.08-2016.03.06,제 3. 4 전시실 및 회랑
과거전시,과천,한국현대미술작가시리즈 《최종태》,최종태,2015.09.01-2015.11.29,제 2전시실
과거전시,해외,미래는 지금이다,문경원+전준호 <엘 핀 델 문도> 등 33작가,2015.08.29-2015.11.29,프랑스 마르세유 라 프리쉬 벨 드 메
과거전시,서울,交. 향 Graphic Symphonia,한.일 그래픽 디자이너 112 명,2015.08.11-2015.10.18,제7전시실. 미디어랩
과거전시,서울,올해의 작가상 2015,김기라. 나현. 오인환. 하태범,2015.08.04-2015.11.05,제3. 4 전시실
과거전시,서울,"시민과 함께 하는 광복 70년 위대한 흐름 "" 소란스러운. 뜨거운. 넘치는""",고영훈. 김구림. 김기승. 김범. 김아타 등 110여명,2015.07.28-2015.10.11,제 1. 2전시실 및 주변공간
과거전시,과천,황용엽: 인간의 길,황용엽,2015.07.25-2015.10.11,제 1전시실
과거전시,레지던시,고양레지던시 국제교환입주 해외작가전: 일곱 개의 장면들,마린 도미니자크. 미도리 하리마. 시에 무치. 케빈 플랏. 지몬 스파이저. 카롤라 다이에. 토마스 코에스터,2015.07.23-2015.08.12,고양레지던시
과거전시,덕수궁,거장 이쾌대. 해방의 대서사,이쾌대,2015.07.22-2015.11.01,제 1.2 전시실
과거전시,덕수궁,광복70년 기념 한국근대미술 소장품전,정종여. 류경채 등 51명,2015.07.22-2015.11.01,제 3.4전시실
과거전시,서울,현대카드 컬처프로젝트 18_젊은 건축가 프로그램 2015,SoA(이치훈. 강예린),2015.07.01-2015.09.30,제8전시실. 미술관 마당
과거전시,과천,아키토피아의 실험,강홍구. 김수근. 김용관. 김종규. 김종오. 김준성. 노경. 박정현. 배형민. 서현석. 신경섭. 안세권. 안창모. 옵티컬레이스. 이영준. 이종석. 전몽각. 정다운. 조성욱. 최호철. 플로리안 베이겔. 황효철,2015.06.30-2016.01.03,제 5전시실(건축갤러리)
과거전시,과천,사물의 소리를 듣다_1970년대 이후 한국 현대미술의 물질성,28명,2015.06.23-2015.11.01,제 1원형전시실
과거전시,레지던시,창동레지던시 2015 상반기 입주작가 결과전,네스토 코바체. 린다 하벤슈타인. 마크 오스팅. 바르보라 클라인함플로바. 야쿱 호셰크. 제롬 레이어스. 크리스토프 에세. 크세니아 갈리아에바. 니카 오블락&프리모쉬 노박,2015.05.28-2015.06.14,창동레지던시
과거전시,서울,시징의 세계World of Xijing,시징맨(김홍석. 첸 샤오시옹. 츠요시 오자와),2015.05.27-2015.08.02,제5전시실
과거전시,해외,미래는 지금이다,문경원+전준호 <엘 핀 델 문도> 등 19작가,2015.05.20-2015.08.19,헝가리 한국문화원
과거전시,과천,우리가 알던 도시 - 강홍구. 박진영 사진전,강홍구. 박진영,2015.05.19-2015.11.15,제 6전시실
과거전시,서울,고양레지던시 2015 입주 작가 소개전,2015년 입주 작가 18인. 2014년 국제교환입주프로그램 결과보고전 참여 작가 8인,2015.05.08-2015.05.31,교육동 작업실 1. 2
과거전시,과천,소장품특별전 <무제>,약 40명,2015.05.04-2015.07.26,제 2전시실
과거전시,과천,황규백_보이는 것과 보이지 않는 것,황규백,2015.04.28-2015.08.02,제 4전시실
과거전시,서울,로봇 에세이 Robot Essay,레베카 혼. 비르길 비트리히. 패트릭 트레셋. 피터 윌리엄 홀든. 김상진. 노재운. 신승백 김용훈. EXP LAB ,2015.04.28-2015.07.19,제7전시실. 미디어랩
과거전시,서울,아이콘으로 당신을 표현하세요 ICONUU Iconize you yourself!,ZKM(칼스루에). CIANT(프라하). HANGAR(바르셀로나). BRANIZ(프라하),2015.04.21-2015.10.11,제1전시실 앞 복도
과거전시,과천,최승천_시간의 풍경,최승천,2015.04.14-2015.11.08,제 2원형전시실
과거전시,서울,2015 현장제작설치 인터플레이,아바프. 로스 매닝. 지니 서. 오마키 신지,2015.04.14-2015.08.23,제6전시실
과거전시,과천,오채묵향五彩墨香_송영방,송영방,2015.03.31-2015.06.28,제 1전시실
과거전시,서울,《권진규 아카이브전: 작은 뜨락을 거닐다》,권진규,2015.03.31-2015.08.30,디지털정보실 3층 디지털아카이브
과거전시,덕수궁,기증작가특별전_정탁영,정탁영,2015.03.25-2015.06.28,제 1. 2전시실
과거전시,덕수궁,한국근대미술소장품 기획전 : 관물(觀物). 사물을 보는 법,채용신. 조석진. 김은호. 이응노. 박래현. 이중섭. 장욱진. 권옥연. 송영수. 김정숙. 임숙재. 임응식 등 ,2015.03.25-2015.06.28,제 3. 4전시실
과거전시,서울,2015 다원예술프로젝트 MMCA Performance,김효진. 김성용 댄스컴퍼니 뮈. 김성구 등,2015.03.24-2015.05.06,멀티프로젝트홀
과거전시,해외,<한국 뉴미디어아트>전,문준용. 오용석. 문경원& 전준호. 김세진. 에브리웨어(방현우+허윤실). 유비호,2015.03.21-2015.05.09,이탈리아 피렌체 르 무라트 현대예술센터
과거전시,과천,사물학II : 제작자들의 도시,염승일. 김상규. 인사이트씨잉. 박경근. 최태윤. 송호준. 미디어버스 x 신신. 디디랩. 토머스 트웨이츠. 리슨투더시티. 청개구리 제작소. 다이애나밴드. 이광호 & 서플라이 서울. 제로랩,2015.02.17-2015.06.28,제 3 전시실
과거전시,서울,《환영과 환상》,강영민. 강형구. 고명근. 유현미. 이광호. 천성명. 최수앙,2015.02.10-2015.05.17,제3.4전시실
과거전시,고양레지던시,고양레지던시 《오픈스튜디오10》,강우영. 기슬기. 김미진. 김병주. 김우진. 김웅용. 김은숙. 김인숙. 김진희. 김태동. 박은하. 박준범. 손종준. 이원호. 이은. 이정민. 이창원. 이창훈. 조혜진. 차지량. 홍원석. 히사야 이토(국제교환입주작가),2015.02.06-2015.02.08,
과거전시,과천,박현기 1942-2000 만다라,박현기,2015.01.27-2015.05.25,제 1원형전시실
과거전시,해외,미래는 지금이다! - The Future is Now!,국내 33팀 작가,2014.12.19-2015.03.15,로마 국립21세기현대미술관 1층
과거전시,과천,젊은 모색 2014,김하영. 김도희. 노상호. 조송. 윤향로. 오민. 권용주. 김웅용,2014.12.16-2015.03.29,제 2전시실
과거전시,과천,한국현대미술작가: 김병기,김병기,2014.12.02-2015.03.01,제 1전시실
과거전시,덕수궁,조르조 모란디: 모란디와의 대화,조르조 모란디. 김환기. 도상봉. 박수근. 황규백. 김구림. 최인수. 설원기. 고영훈. 신미경 등,2014.11.20-2015.02.25,제 1. 2전시실
과거전시,레지던시,2014년 하반기 창동레지던시 입주작가 결과보고전 《다른 형태의 관계 Other Forms of Relations》,마르게리타 모스카르디니. 발레리오 로코 오를란도. 비베케 마일방. 안네소피 산달. 오토 후덱. 제나 김. 케빈 가프니. 탄딜레 즈웰리반지. 하이데 힌릭스,2014.11.14-2014.12.07,창동레지던시
과거전시,서울,바우하우스의 무대실험 - 인간. 공간. 기계,발터 그로피우스. 오스카 슐레머. 바실리 칸딘스키. 라즐로 모홀리 나기. 산티 샤빈스키. 파울 클레. 백남준. 김영나. 안상수+파티PaTI. 오재우. 조소희. 한경우 등,2014.11.12-2015.02.22,제 7전시실. 미디어랩. 멀티프로젝트 홀 등
과거전시,서울,한진해운 박스 프로젝트 2014: 레안드로 에를리치,레안드로 에를리치 (Leandro Erlich),2014.11.04-2015.09.13,서울박스
과거전시,서울,서울관 개관 1주년 기념전 《정원》,김보희. 문봉선. 강남미. 이재삼. 이두식. 안성민 등 30여명,2014.10.21-2015.05.10,제 1.2 전시실 및 로비
과거전시,레지던시,국립현대미술관 레지던시 작가전: 끝나지 않은 이야기,나현. 유비호. 이소영. 최원준. 하태범,2014.10.17-2014.11.14,해외(주인도한국문화원(인도 델리)
과거전시,레지던시,2014년 창동레지던시 입주작가전 《밀도. 부피. 시간》,김범수. 이귀영. 정석희,2014.10.10-2014.10.19,서울관 교육동 작업실 1
과거전시,과천,한국현대미술작가 <황종례_부드러운 힘>,황종례,2014.10.07-2015.03.08,제 2원형전시실
과거전시,서울,국립현대미술관 현대차 시리즈 2014: 이불,이 불,2014.09.30-2015.03.29,제 5전시실
과거전시,서울,장소의 재탄생: 한국근대건축의 충돌과 확장,박길룡. 나상진. 차경순. 김중업. 김정수. 김수근. 조성룡. 김인철. 한종률. 민현준 등,2014.09.23-2014.12.14,제 8전시실
과거전시,과천,사진소장품 주제전 '사진의 기술' ,황규태. 이규철. 조희규 등,2014.09.23-2015.04.19,제 6전시실
과거전시,과천,테크놀로지와 예술의 조화_건축가 김종성,김종성,2014.09.23-2015.05.31,제 5전시실
과거전시,서울,2014 현장제작작품설치 프로젝트 <초자연>,김윤철. 리경. 박재영. 백정기. 조이수,2014.09.02-2015.01.18,제 6전시실. 미술관마당
과거전시,덕수궁,한국근대미술소장품 기획전: 나는 세 개의 눈을 가졌다,방혜자. 오치균. 임옥상. 전성우. 한운성. 김보현. 김영주. 원석연. 최욱경 등,2014.08.14-2015.02.25,제 3. 4 전시실
과거전시,덕수궁,기증작가특별전: 적멸의 화가. 정영렬,정영렬,2014.08.14-2014.11.02,제 1. 2전시실
과거전시,서울,다원예술프로젝트 Ⅱ-안녕! 헬로!,방혜진. 정영두. 백현진. 김웅용.비디오 릴레이 탄산 (김이박. 이지영. 권세정). 김실비. 하이에나즈. 니콜라스 펠처,2014.08.14-2014.08.31,B1 멀티프로젝트홀 및 미술관 내부
과거전시,서울,매트릭스: 수학_ 순수에의 동경과 심연,베르나르 브네. 에카테리나 에레멘코. 랜덤웍스. 슬기와 민. 송희진. 자비에 베이앙. 국형걸. 유지원. 카스텐 니콜라이. 김경미. 이상민. 이강성. 고병량,2014.08.12-2015.01.11,제 3. 4 전시실
과거전시,과천,올해의 작가상 2014,구동희. 김신일. 노순택. 장지아,2014.08.05-2014.11.09,제 1. 2 전시실 및 중앙홀
과거전시,과천,현대미술 읽기: 신소장품 2012,이강우. 백승우. 니키 리. 성남훈. 안규철. 조소희. 배영환. 김범. 난다. 양아치. 김홍식 등 44명,2014.07.15-2015.03.01,제 4전시실
과거전시,서울,나의 예술적 고향: 라인란트의 백남준,백남준,2014.07.10-2014.09.30,디지털정보실 3층
과거전시,서울,현대카드 컬처프로젝트 15_젊은 건축가 프로그램,문지방(권경민. 박천강. 최장원) 등 40여 명 ,2014.07.08-2014.10.05,미술관 마당 및 7 전시실
과거전시,과천,소장품특별전 <벽>,곽남신. 김인겸. 신성희. 신작철. 오윤. 원인종. 장화진. 톰 위셀만. 로버트 라우센버그. 프랭크 스텔라. 조나단 브로프스키. 미켈란젤로 피스톨레토,2014.07.01-2015.07.26,2. 3층 회랑
과거전시,과천,한국현대미술작가시리즈 《달팽이 걸음_이건용》,이건용,2014.06.24-2014.12.14,제 1 원형전시실
과거전시,과천,디자인기획전 《사물학-디자인과 예술》,메티유 메르시에. 문경원. 전준호. 박미나. 김범. 안규철. 잭슨홍. 박진우. 양혜규. 신미경. 박불똥. 황두진. 김봉태. 김보연. 도널드 저드. 박원민. 김상훈. 한정현. 현박 등(총 29명),2014.06.05-2015.01.11,제 3 전시실
과거전시,서울,다원예술프로젝트 01-무잔향,가이 셔윈. 린 루. 그렉 폽. 타쿠 스기모토. 다케시 이케다. 모에 카무라. 라이오넬 파룬. 에티엔 카이에. 마티야 슐렌더. 최준용. 스클라벤타츠(최정훈&조용훈). 사비에 퀘렐. 제롬 노팅거. 그리스토프 어거. 앤소니 맥콜. 케빈 드럼. 위르겐 레블. 토마스 코너. A Typist(류한길. 김태용. 로위에). 타쿠 우나미. 홍철기,2014.05.23-2014.05.25,B1 멀티프로젝트홀
과거전시,서울,소장품특별전 《코리안 뷰티: 두 개의 자연》,송현숙. 이우환. 김주현. 김광수. 한정식. 최호철. 김상우. 김수익. 사석원 등,2014.05.17-2014.09.28,제 1. 2 전시실
과거전시,덕수궁,기증작가특별전 `수묵인. 남천 송수남`,송수남,2014.05.13-2014.07.27,제3. 4전시실
과거전시,서울,인피니트 챌린지,김순기(한국). 날리니 말라니(인도). 사흐지아 시칸더(파키스탄). 쉴파 굽타(인도). 슈리쳉(타이완). 차오 페이(중국). 틴틴 울리아(인도네시아)  ,2014.04.29-2014.07.13,제 3. 4전시실
과거전시,과천,한국현대미술작가 <강찬균_새 손길>,강찬균,2014.04.22-2014.08.24,제 2 원형전시실
과거전시,서울,예스퍼 유스트: 욕망의 풍경,예스퍼 유스트,2014.04.19-2014.08.03,제 6전시실. 창고
과거전시,서울,창작스튜디오 신 입주 작가 소개전 《INTRO》,강우영. 기슬기. 김미진. 김범수. 김병주. 김우진. 김웅용. 김은숙. 김인숙. 김진희. 김태동 등 ,2014.04.18-2014.04.27,교육동 작업실 Ⅰ.Ⅱ
과거전시,덕수궁,대한민국예술원 개원 60년: 어제와 오늘,천경자. 이준. 백문기. 문학진. 전뢰진. 권순형. 오승우. 잉광노. 윤영자 등 57명 ,2014.04.17-2014.07.27,제 1. 2 전시실
과거전시,과천,한국현대미술작가: 최만린,최만린,2014.04.08-2014.07.06,제 1 전시실 및 중앙홀
과거전시,서울,<쉬린 네샤트>전,쉬린네샤트,2014.04.01-2014.07.13,제 5 전시실
과거전시,과천,한국현대미술작가시리즈 ≪구름과 산_조평휘≫전,조평휘,2014.03.25-2014.07.06,제 2전시실
과거전시,서울,구본창 아카이브: 18개의 전시,구본창,2014.02.11-2014.05.31,디지털정보실 3층
과거전시,과천,이타미 준: 바람의 조형,이타미 준,2014.01.28-2014.08.31,제 5 전시실
과거전시,레지던시,고양창작스튜디오 국제교환입주 결과 보고전 《EX-AIR: 경험의 공기》전,고양창작스튜디오 2013년 입주작가 8인(김경주. 김덕영. 김도경. 김수환. 김효숙. 심래정. 애나한. 장우진),2014.01.24-2014.02.14,창동창작스튜디오 제 1. 2 전시실
과거전시,해외,한국 - 우즈베키스탄 문화교류전: 향수전 ,,2014.01.17-2014.11.30,우즈베키스탄 예술아카데미 산하 중앙전시관
과거전시,과천,TRANSFER 한국-NRW,마누엘 그라프. 자샤 폴레. 유르겐 슈탁. 정 승. 함경아,2013.12.14-2014.05.25,제 1 원형전시실
과거전시,레지던시,고양창작스튜디오 내부기획전시 <5mm x 7>,김경주. 김도경. 김민정. 김민주. 김효숙. 양정욱. 조소희,2013.11.22-2013.12.06,고양창작스튜디오
과거전시,레지던시,창동창작스튜디오 하반기 기획전 <DIMENSIONS VARIABLE>,데바슈리 다스. 리우라 가르첼라노. 모니카 자와스키. 알렉스 위태커. 압두스 살람. 츠요시 안자이. 테드 옹크. 폴 카잔더. 프란딥 칼리타 ,2013.11.21-2013.12.15,창동스튜디오
과거전시,서울,자이트가이스트 · 시대정신,미술관 소장 작가 40여 명,2013.11.12-2014.04.27,제 1. 2 전시실
과거전시,서울,한진해운 박스 프로젝트: 서도호,서도호,2013.11.12-2014.09.14,서울박스
과거전시,서울,현장제작 설치 프로젝트: 최우람,최우람,2013.11.12-2014.11.09,중앙홀
과거전시,과천,중국 인도 현대 미술전: 풍경의 귀환,아추탄 라마찬드란. 아툴 도디야. 굴람모함메드 쉐이크. 자간나트 판다. 나브조 알타프. 청란. 장펑이. 허 지앤. 지아 아이리. 미야오 샤오춘 등,2013.11.12-2014.03.02,제 1. 2 전시실
과거전시,서울,현장제작설치 프로젝트 : 장영혜중공업,Younghae Chang Heavy Industries,2013.11.12-2014.03.30,제 6전시실. 창고
과거전시,서울,미술관의 탄생_국립현대미술관 서울관 건립기록전,노순택. 백승우. 양아치 등,2013.11.12-2014.07.27,제 8 전시실
과거전시,서울,연결_전개,타시타 딘. 킴 존스. 아마르 칸와르. 마크 리. 리 밍웨이. 키시오 스가. 양민하,2013.11.12-2014.02.28,제 3. 4. 5 전시실
과거전시,서울,알레프 프로젝트,국내 및 해외 초청 작가 30여명,2013.11.12-2014.05.25,제 7 전시실. 미디어랩. 멀티프로젝트홀. 중층 로비
과거전시,서울,서울관 야외조각 프로젝트,김정숙. 엄태정. 이우환. 박영숙. 김승영. 정 승. 알렉산더 칼더,2013.11.12-2014.04.30,야외(종친부마당. 전시마당. 선큰가든. 경복궁마당 등)
과거전시,덕수궁,명화를 만나다 - 한국근현대회화 100선전,근현대 대표작가 57명,2013.10.29-2014.03.30,제 1 ~ 4 전시실
과거전시,과천,뉴미디어 소장품전 미래는 지금이다 The Future is Now!,고승욱. 공성훈. 곽덕준. 김범수. 김세진. 김수자. 이 불. 임민욱. 정정주. 함양아 등(총 26명),2013.10.02-2014.05.25,제 1 원형전시실
과거전시,과천,비디오 빈티지: 1963-1983,Jean Dupuy. Sanja Ivekovic. les Levine. 백남준. 차학경. Peter Campus. Bill Viola. Chris Marker. Thierry Kuntzel. Dennis Oppenheim. Gerry Schum/Daniel Buren 등,2013.10.02-2013.12.31,제 1 원형전시실
과거전시,덕수궁,국립현대미술관 소장품 특별기획전 : 삶 속의 미술,박래현. 변관식. 서진달. 손동진. 손일봉. 오지호. 이응로. 임숙재. 임응식 등,2013.09.17-2013.10.13,1 ~ 4 전시실
과거전시,과천,사진의 눈,고남수. 구성연. 김광수. 김도균. 김장섭. 데이비드 호크니. 마이크&덕 스탄. 박일구. 배병우. 발레리 블랭. 방병상. 베르나르 포콩샌디 스코글런드. 신정룡. 유현미. 이정진. 임상빈. 장원영. 천경우 등,2013.09.13-2014.08.24,제 6전시실
과거전시,과천,데이비드 호크니: 와터 부근의 더 큰 나무들,데이비드 호크니,2013.09.03-2014.02.28,중앙홀
과거전시,과천,한국 현대미술_거대서사Ⅱ,백남준. 박현기. 김순기. 한기창. 조덕현. 노순택. 박찬경. 심철웅. 고낙범. 권오상. 천성명. 정연두. 이용백. 김신일 등,2013.08.20-2014.06.22,제 4 전시실
과거전시,과천,권진규. 김정숙 기증 작품 특별전,권진규. 김정숙,2013.08.20-2014.06.01,2. 3층 회랑
과거전시,해외,한국현대판화 50년전,백남준. 윤명로. 한운성. 이항성. 최영림. 김상유 등,2013.08.01-2013.08.23,Metropolitan Museum of Manila. 필리핀
과거전시,과천,디자인; 또 다른 언어,고만기. 김영나. 김한규. 김희원. 박원민. 이은재. 이정은. 이제석. 잭슨홍. 최정유,2013.07.25-2014.05.04,디자인 상설 전시실
과거전시,과천,올해의 작가상 2013,공성훈. 신미경. 조해준. 함양아,2013.07.19-2013.10.20,제 1. 2 전시실
과거전시,과천,공예특별전: 장식과 환영 - 현대장신구의 세계,44명,2013.06.12-2014.03.23,제 2 원형전시실
과거전시,해외,Who is Alice?,고명근. 권오상. 김범. 김두진. 김정욱. 박영근. 박홍천. 오형근 등,2013.06.01-2013.11.24,LIGHTBOX. 베니스
과거전시,덕수궁,야나기 무네요시,야나기 무네요시,2013.05.25-2013.07.21,제 1. 2 전시실
과거전시,덕수궁,삶 속의 미술: 근대 미술 컬렉션,,2013.05.25-2013.07.21,
과거전시,해외,Another Chain Bridge,금혜원. 김민주. 김지민. 박승훈. 서민정. 이연숙. 전소정. 조소희. 천대광,2013.04.30-2013.06.28,주헝가리한국문화원 내 전시실 등
과거전시,과천,소장품 특별기획전 <빌 비올라>,빌 비올라,2013.04.16-2013.09.01,제 1 원형전시실
과거전시,과천,윤명로: 정신의 흔적,윤명로,2013.03.26-2013.06.23,제 2 전시실. 중앙홀
과거전시,과천,젊은 모색 2013,구민자. 김민애. 김태동. 박재영. 박제성. 백정기. 심래정. 유현경. 하대준,2013.03.12-2013.06.23,제 1 전시실
과거전시,과천,그림일기: 정기용 건축 아카이브,정기용,2013.02.28-2013.12.29,제 5 전시실
과거전시,덕수궁,국립현대미술관 소장품 특별기획전 : 한국근대미술,안중식. 고희동. 오지호. 이중섭. 김환기. 박수근 등,2013.01.25-2013.04.21,제 3. 4 전시실
과거전시,덕수궁,프라하의 추억과 낭만 : 체코프라하국립미술관 소장품전,체코 미술사 거장 28명,2013.01.25-2013.04.21,제 1. 2 전시실
과거전시,과천,2012 사진기증작품 특별전,강운구. 구본창. 난다. 민병헌. 박영숙. 방병상. 이갑철. 이상현. 이선민. 주명덕. 최봉림. 황규태,2012.12.21-2013.08.25,제 6 전시실
과거전시,과천,임충섭: 달. 그리고 월인천지,임충섭,2012.12.12-2013.02.24,제 2 전시실
과거전시,과천,신소장품 2011,박수근. 남관. 문범. 진기종. 니꼴라 물랭. 윌리엄 켄트리지 등,2012.12.04-2013.02.11,제 1전시실. 중앙홀
과거전시,덕수궁,대한제국 황실의 초상: 1880 - 1989,없음,2012.11.16-2013.01.13,제 1. 2전시실
과거전시,과천,몽유_마술적 현실,53작가,2012.10.23-2013.03.24,제 1원형전시실
과거전시,과천,시적 사물_현대공예전시,김남수. 김준용. 마조리 쉭. 박석우. 우진순. 이동춘 등,2012.09.28-2013.05.19,제 2 원형전시실
과거전시,덕수궁,《덕수궁 프로젝트》,김영석. 류재하. 류한길. 서도호. 성기완. 이수경. 이정화. 임항택. 정서영. 정영두. 최승훈+박선민. 하지훈,2012.09.19-2012.12.02,및 덕수궁 경내
과거전시,과천,올해의 작가상 2012,김홍석. 문경원·전준호(공동작업). 이수경. 임민욱 (총 4팀),2012.08.31-2012.11.11,제 1. 2 전시실 및 중앙홀
과거전시,레지던시,2012 창동창작스튜디오 상반기 지역연계 프로젝트 결과보고전 《창동그라피 Changdong-graphy》,국립현대미술관 창동창작스튜디오 상반기 지역연계 프로젝트 참여작가 2명 리금홍 <규방가사-각명기(刻銘記)>.홍원석 <시발(時發)공짜택시>,2012.07.17-2012.08.09,창동창작스튜디오
과거전시,과천,하종현展,하종현,2012.06.15-2012.08.12,제 2전시실 및 중앙홀
과거전시,과천,MOVE Art and Dance since 1960s,파블로 브론스타인. 라 리보. 트리샤 브라운 등 21명,2012.06.06-2012.08.12,제 1전시실 및 제 1원형전시실
과거전시,덕수궁,鄕 이인성 탄생 100주년 기념전,이인성,2012.05.26-2012.08.26,
과거전시,과천,비밀의 숲,밈모 팔라디노. 한기창. 황인기. 정경연. 변연미,2012.05.03-2013.07.28,2.3층 회랑
과거전시,과천,한국현대미술_거대서사 1,박서보. 윤형근. 김구림. 전성우. 임옥상 등 약 130여명,2012.05.01-2013.07.14,제 4 전시실
과거전시,과천,어린이미술관 Edu-Studio,오창근. 원광연. 애브리웨어. 이배경 등,2012.04.27-2013.12.31,어린이미술관(제 7전시실)
과거전시,과천,판화의 새로운 지평 / 드로잉의 새로운 지평,곽남신. 윤명로. 박수근. 심문섭 등 68명,2012.04.10-2013.02.11,제 5 전시실
과거전시,과천,소장품 특별기획전: 침묵의 이미지,구본창. 배병우. 황규태. 이명호. 토마스 스트루스. 칸디다 회퍼 등,2012.04.06-2012.12.14,제 6전시실
과거전시,기타,아트 프로젝트 2012: 교감,류재하. 이세현. 함경아. 이수경. 이용백. 한성필. 정주하. 코바야시 후미코. 츠바키 노보루. 오노 타다시,2012.03.25-2012.03.28,코엑스. 2012 서울핵안보정상회의 미디어센터
과거전시,과천,국립현대미술관 미디어 소장품 특별전,윌리엄 켄트리지. 크리스티앙 볼탕스키,2012.03.23-2012.10.31,제 2 원형 전시실
과거전시,레지던시,플레잉 온 - Playing On,국립창작스튜디오 해외 입·출신작가 7인 (Andreas Zingerle. Kate Tessa Lee. Matthias Scholten. Yoko Shimizu. Chinmoyi Patel. Cecilia Corzo Robledo. Palash Bhattachar),2012.03.19-2012.05.17,창동창작스튜디오
과거전시,과천,한국의 단색화 - Dansaekhwa: Korean Monochrome Painting,이우환. 박서보 등 총 31명,2012.03.17-2012.05.13,제 1. 2 전시실 및 중앙홀
과거전시,레지던시,인트로 INTRO,고양창작스튜디오 2012년 입주작가 21명,2012.03.09-2012.05.31,고양창작스튜디오
과거전시,과천,국립현대미술관 아트폴리 2012_큐브릭,미정,2012.01.01-2012.06.30,야외 / 서울대공원 광장
과거전시,덕수궁,임응식 - 기록의 예술. 예술의 기록,임응식 외 21작가,2011.12.21-2012.02.12,
과거전시,과천,아름다운 만남: 기증작품 특별전,오지호 외 출품기증작가,2011.12.05-2012.04.11,제3.4전시실 및 2층 회랑
과거전시,과천,텔미텔미: 한국_호주 현대미술 1976~2011,한국과 호주 48명 작가,2011.11.10-2012.02.19,1.2.중앙홀
과거전시,덕수궁,<소통의 기술: 안리 살라. 함양아. 필립파레노. 호르헤 파르도>,안리살라. 필립파레노. 호르헤파르도. 함양아,2011.10.18-2011.12.04,
과거전시,기타,청계천 프로젝트: 있잖아요,미정,2011.09.07-2011.10.23,서울 특별시 청계천 광장
과거전시,과천,<올해의 작가 23인의 이야기 1995-2010>전,전수천.윤정섭. 황인기. 정연두. 박기원. 곽덕준.승효상 등 23명,2011.08.09-2011.11.06,제 3. 4 전시실
과거전시,과천,오늘의 프랑스 미술: Marcel Duchamp Prize,16명 작가,2011.07.26-2011.10.16,제 1. 2 전시실
과거전시,덕수궁,이것이 미국미술이다 ; 휘트니미술관展,47명 작가,2011.06.11-2011.09.25,
과거전시,과천,《 신소장품 2010 》,김수자 외 23명,2011.04.12-2011.06.26,제 1전시실
과거전시,과천,<김종학> 전,김종학,2011.03.29-2011.06.26,제2전시실
과거전시,덕수궁,<소장품기획- 추상하라> 展,황용진. 임옥상. 김홍석. 고낙범. 곽덕준. 박서보 등 71명 작가,2011.03.25-2011.05.22,(서울시 중구 덕수궁내)
과거전시,과천,Made in Popland(한중일 삼국의 팝아트),한. 중. 일 3개국 40여명,2010.11.12-2011.02.20,1.2.중앙홀
과거전시,과천,G20 조용한 행성의 바깥,박현기.육태진. 김승영. 김기철. 조덕현. 김영진. 이 불. 김홍석,2010.11.10-2011.12.31,제2원형전시실
과거전시,덕수궁,피카소와 모던아트 전 (알베르티나 미술관 소장품전),피카소 등 39명 작가,2010.10.26-2011.03.01,
과거전시,과천,《한국추상철조의 선구자. 송영수》,송영수,2010.10.12-2010.12.26,제5전시실
과거전시,과천,정창섭,정창섭,2010.08.03-2010.10.17,제 2전시실
과거전시,과천,국립현대미술관 어린이 미술관  “달토끼. 어린이미술관에서 놀다”,약 18명,2010.07.30-2011.11.30,어린이미술관
과거전시,덕수궁,아시아 리얼리즘,한국. 중국. 일본. 인도. 인도네시아. 싱가포르. 말레이시아. 베트남. 타이. 필리핀 등 10개국 90여명,2010.07.27-2010.10.10,1.2.3.4전시실
과거전시,과천,언어의 그늘 - 바르셀로나 현대미술관 소장품전(한국 스페인 수교 60주년 기념),타피에스. 몬타다스. 조앤 조나스. 리타 맥브라이드 등 세계적인 작가 53명,2010.07.13-2010.10.03,제1전시실. 중앙홀
과거전시,과천,잊혀진 전쟁. 현실의 분단,8명,2010.06.25-2011.07.17,제 4전시실 일부 코너
과거전시,덕수궁,달 은 가 장 오 래 된 시 계 다,강익중. 김호득. 김홍주. 도윤희. 박현기. 백남준 등 11명,2010.05.08-2010.07.04,덕수궁미술관
과거전시,과천,젊은 모색 1981-2010,고영훈. 문범. 허진. 이수경 등 43명,2010.04.17-2010.06.06,제1.7전시실 및 야외조각장
과거전시,과천,올해의 작가 박기원 - 누가 미술관을 두려워하랴,박기원,2010.04.06-2010.06.27,제2전시실. 중앙홀
과거전시,덕수궁,봄을 기다리는 소년 - 박노수,박노수,2010.03.17-2010.04.18,1.2.3.4전시실(02-2022-0600)
과거전시,기타,『서울관 건축설계 아이디어 공모 출품작』전,360여명,2010.02.09-2010.02.21,서울관 건립 부지내 / 구 기무사 강당
과거전시,과천,메가시티 네트워크: 한국현대건축 서울,권문성.김영준.김인철.유걸.유석연.이종호.이충기.정기용.조남호.조민석.조병수.주대관.최문규.황두진.(주)공간그룹(이상림).(주)정림건축.안세권,2009.12.23-2010.03.07,제7 전시실
과거전시,덕수궁,권진규전,권진규,2009.12.22-2010.03.01,덕수궁미술관
과거전시,과천,국립현대미술관 미술창작스튜디오 특별전 <버라이어티전>,16명,2009.11.12-2009.12.06,제 7전시실
과거전시,기타,찾아가는 미술관 2009_제3의 불,,2009.10.28-2009.11.27,
과거전시,과천,예술의 새로운 시작 - 신호탄,58명,2009.10.22-2009.12.06,서울관 건립예정지
과거전시,과천,박하사탕 - 한국현대미술 중남미순회전 귀국전,23명,2009.10.21-2010.03.07,제1전시장. 제2전시장. 중앙홀
과거전시,덕수궁,배병우전,배병우,2009.10.01-2009.12.06,덕수궁미술관
과거전시,과천,컬렉션. 미술관을 말하다,박수근. 이중섭 등 200여명,2009.09.29-2011.07.17,제 3.4.6전시실
과거전시,과천,나에게로 떠나는 여행 : 이병용 유작전,이병용,2009.09.11-2009.10.25,제7전시실
과거전시,과천,아리랑 꽃씨 - Korean Diaspora Artists in Asia,김현룡 외,2009.07.17-2009.09.27,제 2전시실
과거전시,과천,올해의 작가 2009 - 서용선,서용선,2009.07.03-2009.09.20,제1전시실. 중앙홀
과거전시,덕수궁,페르난도 보테로,페르난도 보테로,2009.06.30-2009.09.17,
과거전시,과천,만화_한국만화100년,이도영외 한국 만화 작가 250명 내외. 현대미술작가 18명,2009.06.03-2009.08.23,제7전시실
과거전시,과천,인도현대미술전 - 세 번째 눈을 떠라!,인도현대미술 대표작가 27명,2009.04.17-2009.06.07,국립현대미술관 1. 2 전시실 및 중앙홀
과거전시,과천,《신소장품 2008》,김은호 외,2009.03.17-2009.10.04,제6전시실
과거전시,과천,멀티플/다이얼로그 ∞,백남준. 강익중,2009.02.06-2010.02.07,램프코어
과거전시,덕수궁,한국 근대미술 걸작전: 근대를 묻다,이중섭. 박수근. 김환기. 천경자. 김기창. 이응로. 박래현. 나혜석 등 한국 근대작가 105명,2008.12.23-2009.03.22,
과거전시,과천,거울아. 거울아- 그림 속 사람들 이야기,고산금 외,2008.12.20-2010.06.25,어린이미술관
과거전시,과천,한국미술 1980-2000,신순남 외,2008.12.12-2009.09.06,국립현대미술관 4전시실. 2층 회랑 일부
과거전시,과천,미스테리오(Misterio)-박재곤 유작전,박재곤,2008.12.12-2009.03.01,제6전시실
과거전시,과천,젊은 모색 2008,현대미술 전 장르 국내 젊은 작가 17명,2008.12.05-2009.03.08,제1.2 전시실 및 중앙홀
과거전시,기타,2008 찾아가는 미술관: 과학정신과 한국현대미술전,,2008.11.05-2008.12.05,
과거전시,과천,소장품전<한국미술1960-1980>,도상봉 외,2008.10.25-2009.09.06,3전시실. 2층회랑 왼쪽
과거전시,과천,시들지 않는 꽃 - 손상기 작고 20주기 전,손상기,2008.10.17-2008.12.07,제7전시실
과거전시,과천,한국 태국 수교 50주년 기념 《Daily life in Korea》,윤석남. 박영숙. 정연두. 이원석. 박은태. 노순택. 김범석. 강홍구. 방정아. 박불똥. 윤남웅. 신학철. 이동욱. 고산금. 하차연. 오재우,2008.10.02-2008.10.31,방콕 퀸즈 갤러리
과거전시,과천,한국현대사진전,정범태. 임응식. 이형록. 김영수. 주명덕. 강운구. 구본창. 오형근. 배병우. 민병헌 등 106여명,2008.08.15-2008.10.26,
과거전시,덕수궁,20세기 라틴아메리카 거장전,중남미 16개국 84명,2008.07.26-2008.11.09,
과거전시,과천,미술이 만난 바다,강소영. 김연. 김지민. 김한나. 노주련. 노준. 도영준. 민광식. 손현욱. 심소라. 안상희. 여동헌. 우혜민. 유영운. 이서미. 이연성. 이완. 이웅배. 조덕환. 조형신. 최석운. 최승준. 숨쉬다(오수연. 오혜선). YMAP,2008.07.19-2008.09.15,7전시실
과거전시,과천,빌 비올라-해변 없는 바다,빌 비올라,2008.05.30-2008.10.26,원형전시실
과거전시,해외,민중의 고동 : 한국미술의 리얼리즘1945-2005,,2008.05.24-2008.06.26,
과거전시,과천,올해의 작가 2008 - 장연순,장연순,2008.05.23-2008.07.20,중앙홀. 제2전시실
과거전시,해외,한국현대미술중남미순회-박하사탕,배영환. 전준호. 최정화 등,2008.05.07-2008.07.06,아르헨티나 국립미술관
과거전시,덕수궁,까르띠에 소장품전,,2008.04.22-2008.07.13,
과거전시,과천,아네트 메사제,아네트 메사제,2008.03.28-2008.06.15,제1.7전시실
과거전시,과천,2007 신소장품,이응노. 이종구. 이형구. 베르나르포콩. 백남준 등,2008.02.28-2008.04.27,제2전시실 및 중앙홀
과거전시,과천,소장품전_한국미술 1910-1960,나혜석. 구본웅. 이인성. 김경승. 오지호. 김환기. 박수근. 이중섭. 권진규. 김기창. 장우성. 장욱진 박래현. 남관. 정규. 윤효중. 이상범. 변관식. 임응식 등,2008.02.23-2008.12.17,제5전시실
과거전시,덕수궁,최영림·무나카타 시코,최영림. 무나카타 시코,2008.01.23-2008.03.30,
과거전시,과천,방방 숨은그림찾기,이명환. 김상균.백미현.신주혜.주성혜.이소윤.황연주.송민경.이유경.한우리.노주련.안정주. 이태일.변경수.우윤정.황혜선.장윤성.여동헌.박현정.박정순.안필연 등 22명,2007.12.27-2008.02.10,제7전시실
과거전시,과천,한국현대판화 1958-2008,최영림.정규.이항성.이상욱.유강렬.김정자.변월룡.함창연.강환섭.김봉태.김상유.김종학.배륭.권녕숙.강국진.석란희등 133명,2007.12.14-2008.02.10,제1.2전시실. 중앙홀
과거전시,과천,소장품특별전 <전통과 현대사이>,이한우. 오승윤. 김봉태. 전혁림. 강용면. 이만익. 함섭. 정창섭. 전광영. 손준호. 박생광. 김선두. 황창배. 이영수. 유승호. 김정숙. 오천학 등,2007.11.16-2008.05.18,제6전시실
과거전시,덕수궁,고통과 환희의 변주 : 김보현의 화업 60년전,김보현,2007.10.12-2008.01.06,
과거전시,해외,민중의 고동 : 한국미술의 리얼리즘1945-2005,김만술. 김경인. 임응식. 정범태. 임옥상. 오윤. 신학철. 강요배. 홍성담. 주재환. 황재형. 김용태. 김인순. 이종구. 방정아. 노순택. 조습 등 60여명,2007.10.06-2008.08.24,반다이지마미술관. 후쿠오카 아시아미술관 등
과거전시,해외,"한국현대미술 중남미 순회전 ""박하사탕""",23명,2007.09.13-2007.11.18,칠레 산티아고현대미술관(MAC)
브라질 상파울루 현대미술관(MAM) ,,,,,
아르헨티나 부에노스아이레스 국립미술관(MNBA),,,,,
과거전시,과천,한국의 행위미술 1967 - 2007,40여 인/팀,2007.08.24-2007.10.28,제2전시실
과거전시,과천,한ㆍ중수교 15주년 기념전《부유(浮游)-중국미술의 새로운 흐름》,챠오 징핑(曹萍) 외,2007.08.17-2007.10.28,중앙홀. 제1전시실. 제7전시실
과거전시,해외,한·중수교 15주년기념 한국현대미술(북경 중국미술관),미정,2007.08.10-2007.09.16,북경 중국미술관
과거전시,덕수궁,합스부르크 왕가 컬렉션 - 비엔나미술사박물관전,렘브란트. 루벤스. 벨라스케스. 티치아노 등,2007.06.26-2007.09.30,
과거전시,기타,2006 신소장품 지방순회전_광주시립미술관,,2007.06.01-2007.07.17,광주시립미술관 제2층전시실
과거전시,과천,올해의 작가 2007 - 정연두,정연두,2007.05.23-2007.07.29,제2전시실
과거전시,과천,베르나르 브네 : 선 ∞ 흔적 ∞ 개념,베르나르 브네,2007.05.18-2007.07.22,중앙홀. 제1전시실. 야외공간
과거전시,과천,잊을 수 없는 기억: 게오르그 바젤리츠의 러시안 페인팅,게오르그 바젤리츠,2007.05.11-2007.07.15,제7전시실
과거전시,덕수궁,남농 허건,남농(南農) 허건(許楗),2007.05.04-2007.06.10,
과거전시,과천,국립미술창작스튜디오 개관 5주년전 - 공통경계,권오상. 김상균. 김종구. 김창겸. 박윤영. 양만기. 유영호. 이광호. 이배경. 이호진. 정주영. 정재철. 한기창,2007.04.13-2007.04.26,제7전시실
과거전시,과천,백남준1주기 추모전 - 부퍼탈의 추억,백남준,2007.03.23-2007.05.06,제2전시실
과거전시,과천,박길웅 작고 30주기전,박길웅,2007.03.08-2007.08.26,제5전시실
과거전시,과천,신소장품 2006,113명,2007.02.23-2007.04.01,중앙홀. 제1. 7전시실
과거전시,덕수궁,마리노 마리니,아시아 11개국 76명,2007.02.14-2007.04.22,
과거전시,과천,어린이 특별전 - 노아의 방주,이응노. 장욱진. 오지호. 노은님. 신현중 등 총 41명,2007.02.10-2007.03.11,제2전시실
과거전시,과천,푸른 눈에 비친 옛 한국. 엘리자베스 키스,엘리자베스 키스,2006.12.08-2007.02.25,제5전시실
과거전시,과천,니키 드 생팔,니키 드 생팔,2006.11.17-2007.01.21,제2전시실
과거전시,덕수궁,<장 뒤뷔페>전,장 뒤뷔페,2006.11.09-2007.01.28,전관 (1~4 전시실. 중앙홀)
과거전시,과천,올해의 작가 2006 : 정 현,정 현,2006.10.13-2006.12.17,제1전시실. 미술관 정문 앞 계단. 중앙홀
과거전시,과천,젊은 모색 2006,김신일. 김안녕. 목진요. 김홍희. 안강현. 박미경. 이강원. 안정주. 정재호. 이해민선. 조해준. 잭슨홍. 진기종. 최상아. 홍보람. 황종명,2006.09.29-2006.11.26,제7전시실
과거전시,기타,2005 신소장품 지역순회전,,2006.09.29-2006.11.05,
과거전시,과천,작고 20주기 회고전 - 오윤 : 낮도깨비 신명마당,오윤,2006.09.22-2006.11.05,제2전시실
과거전시,과천,잊혀진작가 김범렬 회고전,김범렬,2006.08.12-2006.10.29,제5전시실
과거전시,과천,현대사진가 5인: 먹·빛풍경,배병우. 주명덕. 민병헌. 이정진. 이경홍,2006.08.11-2007.08.19,제6전시실
과거전시,덕수궁,롭스와 뭉크 - 남자와 여자,롭스. 뭉크,2006.08.11-2006.10.22,
과거전시,기타,국립현대미술관 2005 <신소장품 지역순회>전,,2006.06.10-2006.07.02,
과거전시,과천,광복60주년기념 한국미술100년(2부),,2006.06.02-2006.09.10,
과거전시,덕수궁,근대의 꿈 : 아이들의 초상,오지호. 김종태. 이중섭. 박수근. 이인성. 김기창. 이쾌대. 진환. 배,2006.05.19-2006.07.30,
과거전시,과천,주경 : 탄생 100주년 기념전,주경,2006.04.21-2006.07.30,제6전시실
과거전시,과천,잊혀진 작가 승동표,승동표,2006.04.05-2006.06.30,제5전시실
과거전시,과천,게르하르트 리히터 / A.R. 펭크,게르하르트 리히터. A.R. 펭크,2006.02.25-2006.04.30,제2전시실
과거전시,덕수궁,소정. 길에서 무릉도원을 묻다.,변관식(소정 小亭),2006.02.16-2006.05.07,
과거전시,과천,신소장품 2005,뒤샹 외,2006.01.27-2006.04.23,제1.7전시실. 중앙홀
과거전시,해외,한국현대미술 뉴질랜드전-일상의 연금술,한국작가 21인,2005.11.18-2006.02.26,뉴질랜드 크라이스트처치 아트갤러리
과거전시,과천,칠레현대미술전: 다른 세계로부터,칠레 작가,2005.11.11-2006.01.30,제 2전시실
과거전시,덕수궁,아시아 큐비즘 : 경계없는 대화,아시아 11개국 76명,2005.11.11-2006.01.30,
과거전시,과천,기증작가특별전 -  김영주,김영주,2005.11.08-2006.04.16,제6전시실
과거전시,과천,프로망제,프로망제,2005.11.05-2006.01.05,제1전시실. 중앙홀
과거전시,덕수궁,올해의 작가 2005 - 서세옥,서세옥,2005.09.03-2005.10.30,제 1.2전시실
과거전시,덕수궁,광복60주년기념 - 한락연(韓樂然)특별전,한락연,2005.08.30-2005.10.30,
과거전시,과천,광복60주년기념 한국미술100년(1부),한국 근현대 작가,2005.08.13-2005.10.23,제1.2.7전시실 및 중앙홀
과거전시,창동레지던시,창동3기 오픈스튜디오 : 창동고,,2005.06.16-2005.06.18,
과거전시,과천,새로운 세기. 새로운 미술관,안도 다다오. 마리오 보타. 산티아고 칼라트라바. 데이비드 치퍼필드. 노먼 포스터. 프랭크O.게리. 조르지오 그라시. 비토리오 그레고티 등,2005.06.10-2005.07.21,제1전시실
과거전시,덕수궁,20세기로의 여행 - 피카소에서 백남준으로,백남준 등,2005.05.28-2005.08.15,
과거전시,과천,올해의 작가 2005 - 이종구,이종구,2005.05.12-2005.07.14,제2전시실
과거전시,과천,소장품 40선,국내작가,2005.04.29-2005.05.22,제1전시실
과거전시,과천,황규태 1960년대를 만나다,황규태,2005.04.29-2006.03.26,
과거전시,과천,한국현대드로잉,국내,2005.04.29-2006.03.26,제5전시실
과거전시,과천,조망-풍경속을 걷다,국내작가,2005.03.29-2006.05.21,제3전시실
과거전시,덕수궁,한국현대조각의 선구자:김종영,우성 김종영,2005.02.24-2005.05.15,
과거전시,과천,신소장품 2004,83명,2005.02.08-2005.04.10,제1. 2전시실. 중앙홀
과거전시,과천,중국미술의 오늘,중국미술가현회 회원,2005.01.22-2005.02.02,제1.7전시실
과거전시,기타,2005 찾아가는 미술관,,2005.01.01-2005.12.31,
과거전시,과천,젊은 모색 2004,,2004.11.24-2005.01.23,제2전시실. 중앙홀
과거전시,과천,장욱진,장욱진,2004.11.12-2005.02.13,제3전시실
과거전시,과천,올해의 작가2004 : 김익영 윤광조,김익영. 윤광조,2004.11.06-2004.12.26,제1전시실
과거전시,덕수궁,다시 고암을 생각한다:고암 이응노 탄생 100주년 기념전,고암 이응노,2004.11.03-2005.02.13,
과거전시,기타,공간속에 서다,임자혁 등,2004.10.27-2005.10.26,aT Center
과거전시,과천,제33회 구상전 공모전,,2004.10.22-2004.11.01,
과거전시,덕수궁,대한민국예술원 50주년 기념특별전,고희동. 류경채. 김종영 외 52명,2004.09.24-2004.10.17,
과거전시,덕수궁,그리운 금강산-2004 세계 박물관 대회(ICOM)기념전,이상범. 변관식. 구본웅 등,2004.08.01-2004.10.24,
과거전시,과천,평화선언 2004 세계 100인 미술가,100인,2004.07.31-2004.10.24,제1 · 2전시실. 중앙홀
과거전시,과천,제23회 대한민국미술대전-서예부문,,2004.07.13-2004.07.27,제7전시실
과거전시,덕수궁,올해의 작가 2004 : 정점식,정점식,2004.06.02-2004.08.08,
과거전시,과천,일상의 연금술,23명,2004.04.24-2004.06.27,제2전시실
과거전시,과천,미술 밖 미술,26명,2004.04.24-2004.06.27,제1전시실
과거전시,과천,기증작가 특별전: 잊혀진 질곡의 유민사-신순남의 진혼곡,신순남,2004.04.02-2004.10.15,제6전시실
과거전시,덕수궁,국립현대미술관 근대미술소장품:아카데미즘과 그 너머전,근대 회화 소장품,2004.03.24-2004.09.12,
과거전시,과천,소장품특별전 Ⅰ: 나의 가족 나의 친구,김두환. 김용주. 김정배. 손일봉 등,2004.02.27-2004.08.29,제5전시실
과거전시,과천,신소장품 2003,161명,2004.01.20-2004.03.31,중앙홀 및 제 1. 2 전시실
과거전시,기타,2004 찾아가는 미술관,,2004.01.01-2004.12.31,
과거전시,과천,2003 서울 북아트전: 아트 북 아트,,2003.12.25-2004.02.01,
과거전시,덕수궁,한중대가 : 장우성. 이가염,장우성. 이가염,2003.11.19-2004.03.14,1.2.3.4
과거전시,과천,제40회 목우공모 미술대전,,2003.11.07-2003.11.13,
과거전시,해외,한국현대미술 해외순회전 : 사계의 노래-8인의 한국작가,조덕현 외 7명,2003.10.18-2004.01.11,샌프란시스코 아시아미술관
과거전시,과천,제22회 대한민국미술대전: 2부 구상부문,,2003.10.04-2003.10.21,제7전시실
과거전시,과천,진경-그 새로운 제안,62명,2003.09.24-2003.12.14,중앙홀 및 제 1. 2 전시실
과거전시,덕수궁,올해의 작가 2003 : 한묵,한묵,2003.09.16-2003.11.09,3. 4 전시실
과거전시,덕수궁,위대한 회화의 시대:렘브란트와 17세기 네덜란드회화전,렘브란트 외 43명,2003.08.15-2003.11.09,1.2전시실
과거전시,과천,기증작가특별전: 이동훈 탄생 100주년 기념전,,2003.08.13-2004.03.14,
과거전시,과천,제22회 대한민국미술대전: 서예부문,,2003.08.01-2003.08.17,제7전시실
과거전시,과천,사실과 이면전 소장품 특별전,,2003.07.22-2004.02.15,
과거전시,과천,IN or OUT: 네덜란드 현대미술전,,2003.07.11-2003.07.27,
과거전시,과천,볼프강 라이프 : 통로-이행,볼프강 라이프,2003.07.09-2003.09.12,중앙홀. 제 2전시실
과거전시,덕수궁,안상철:수묵과 오브제,안상철,2003.07.02-2003.09.07,3.4전시실
과거전시,과천,제22회 대한민국미술대전-1부: 비구상계열,,2003.05.24-2003.06.12,
과거전시,과천,올해의 작가: 곽덕준,곽덕준,2003.05.21-2003.08.31,제 1전시실
과거전시,과천,한국현대판화모음전,,2003.04.30-2003.06.22,
과거전시,덕수궁,드로잉의 새로운 지평,김호득외 47명,2003.04.09-2003.06.22,2. 3. 4전시실
과거전시,기타,2003 찾아가는 미술관,,2003.03.20-2003.11.07,전북 부안예술회관
과거전시,과천,중국현대목판화: 혁명에서 개방까지. 1945-1998,차오 메이 외 38명,2003.02.19-2003.05.05,
과거전시,과천,신소장품 2002,미술관 소장품,2003.02.19-2003.04.15,제2전시실. 중앙홀
과거전시,덕수궁,국립현대미술관소장품 근대미술의 산책,,2002.12.18-2003.05.11,
과거전시,기타,한국 색채와 꿈_작은미술관,,2002.12.10-2003.12.09,정부대전청사
과거전시,과천,작고20주년 기념 오지호 소장품 특별전,,2002.12.01-2003.05.17,
과거전시,과천,《사유와 감성의 시대》,김용익 외 43명,2002.11.21-2003.02.02,제 1.2 전시실
과거전시,과천,제21회 대한민국미술대전: 2부 구상계열,,2002.10.12-2002.10.29,제7전시실
과거전시,덕수궁,균형과 조화의 미학:도천 도상봉 탄신 100주년 기념전,도상봉,2002.10.11-2002.12.08,3. 4전시실
과거전시,덕수궁,계절의 여운:류경채회고전,류경채,2002.09.11-2002.11.17,1. 2전시실
과거전시,과천,제21회 대한민국미술대전: 서예부문,,2002.09.07-2002.09.17,제7전시실
과거전시,과천,신소장품 2001,98 명,2002.08.28-2002.10.27,제 2전시실
과거전시,과천,올해의 작가 2002- 건축가 승효상,승효상,2002.08.28-2002.10.27,제 1전시실
과거전시,덕수궁,올해의 작가 2002전:전혁림,전혁림,2002.07.19-2002.09.22,3.4전시실
과거전시,덕수궁,중국근현대오대가전,임백년. 오창석. 황빈홍. 제백석. 서비홍,2002.07.10-2002.09.01,
과거전시,창동레지던시,창동미술스튜디오 개관 기념전,,2002.06.20-2002.06.20,
과거전시,과천,"바벨 2002전 ""인종-얼굴"". ""언어-대화""",51명(월드컵축구 본선진출 32개국 중 30개국 참여),2002.06.05-2002.08.04,제1. 7전시실 및 중앙홀
과거전시,과천,또 다른 이야기 : 한.일현대미술전,12명 ▷ 한국6명:김서니. 김유선. 박화영. 우순옥. 윤애영. 장영혜 중공업 <br>▷일본6명:마츠오 후지요. 마츠이 치에. 부부 드 라 마들렌느. 사카가미 치유키. 이와키 나오미. 키무라 유키,2002.05.24-2002.07.14,제 2전시실. 오사카 국립국제미술관
과거전시,덕수궁,한국근대회화 100선전(1900-1960),한국 근대 화가,2002.04.17-2002.06.30,
과거전시,과천,젊은 모색 2002,고예실. 고희승. 김승현. 박성숙. 박성원. 백경찬. 심지수. 여경란. 이광선. 이동춘. 이재경. 조남주. 최상용. 최성재. 최은원. 최정희. 홍성열,2002.03.14-2002.05.05,제1전시실
과거전시,과천,레스 앤드 모어 (-&+) :프랑스 국립현대미술기금 디자인 소장품 1980-2000,프랑스 국립현대미술기금 소장작품,2002.03.09-2002.05.03,제2전시실
과거전시,덕수궁,바보천재 운보그림 전,김기창,2002.02.06-2002.04.14,제 1. 2. 3. 4전시실
과거전시,과천,미니멀 맥시멀 - 미니멀 아트와 1990년대 국제 현대미술,로버트 모리스 외 28명,2002.01.18-2002.03.24,제7전시실
과거전시,해외,한국현대미술해외전 한국예술 2001: 회화적복흥,42명  ,2001.12.18-2002.01.15,
과거전시,과천,수묵의 향기. 수묵의 조형 -  한.중.일 현대수묵화전,73명,2001.12.11-2002.02.08,제 1. 2전시실 및 중앙홀
과거전시,덕수궁,자라나는 날개 : 김정숙,김정숙,2001.11.09-2002.01.27,제 3. 4전시실
과거전시,덕수궁,올해의 작가 2001: 권옥연전,권옥연,2001.11.07-2002.01.20,제 1. 2 전시실
과거전시,과천,제69회 구상전,,2001.10.22-2001.10.26,
과거전시,과천,중국현대미술전,126명,2001.09.14-2001.10.17,제2전시실
과거전시,덕수궁,배운성전,배운성,2001.09.07-2001.10.21,제2전시실
과거전시,과천,독일 플럭서스 1962-1994 : 매듭 많은 긴 이야기,27명,2001.09.07-2001.10.28,제1전시실
과거전시,과천,프랑스 새로운 미술관.박물관 - 건축과 디스플레이전,장 프랑스와 보뎅 외 28인,2001.08.31-2001.10.21,중앙홀
과거전시,과천,제20회 대한민국미술대전: 서예부문,,2001.08.16-2001.08.23,
과거전시,과천,제20회 대한민국미술대전: 공예부문,,2001.08.16-2001.08.23,
과거전시,과천,올해의 작가 2001 - 전광영,전광영,2001.06.28-2001.08.15,제 2전시실
과거전시,덕수궁,서거 60주년 석지 채용신전,채용신,2001.06.26-2001.08.26,제 1. 2 전시실
과거전시,과천,한국현대미술의 전개 : 전환과 역동의 시대 (1960년대 중반-1970년대 중반),50명,2001.06.21-2001.08.01,제 1. 7전시실
과거전시,기타,2001 찾아가는 미술관,,2001.03.22-2001.11.07,
과거전시,과천,한국미술 2001 : 회화의 복권,문범 외 41명,2001.03.15-2001.05.06,제 1. 2전시실
과거전시,덕수궁,손의유희 - 원로작가 드로잉전,24명,2001.03.10-2001.06.10,제2전시실
과거전시,덕수궁,근대명품전,고희동 외 53명,2001.02.06-2001.11.02,제 3. 4전시실
과거전시,과천,신소장품 2000,미술관 소장품,2001.01.18-2001.02.18,제1전시실
과거전시,해외,한국현대미술 해외순회전 - 타이베이. 홍콩,타이베이시립미술관 : 서도호 등 8명 <br> 홍콩아트센터 : 서도호 등 7명,2000.12.23-2001.03.13,타이베이시립미술관 : 2000.12.23-2001.02.04 <br>홍콩아트센터 : 2001.02.13-2001.03.13
과거전시,과천,제19회 대한민국미술대전: 공예부문,,2000.11.17-2000.11.26,
과거전시,과천,제19회 대한민국미술대전: 서예부문,,2000.11.17-2000.11.26,
과거전시,과천,올해의 작가 - 노상균. 이영배,노상균. 이영배,2000.11.16-2001.01.28,제 2전시실
과거전시,덕수궁,프란시스꼬 데 고야 - 얼굴. 영혼의 거울,고야,2000.10.26-2001.01.28,제 3. 4전시실
과거전시,덕수궁,오르세미술관 한국전-인상파와 근대미술,오르세미술관 소장품,2000.10.26-2001.02.27,제1.2전시실
과거전시,과천,루이즈 부르주아 - 기억의 공간,루이즈 부르주아,2000.09.07-2000.11.05,제 2전시실. 중앙홀
과거전시,과천,젊은 모색 2000 - 새로운 세기를 향하여,권  혁 외 15명,2000.09.01-2000.11.05,제 1전시실
과거전시,덕수궁,한.러수교 10주년 기념전:러시아 천년의 삶과 예술,러시아 유물 및 미술품,2000.07.08-2000.09.30,제1.2.3.4전시실
과거전시,과천,한국현대미술의 시원-1950년대에서 1960년대를 중심으로,114명,2000.06.08-2000.07.27,제 1.2전시실
과거전시,과천,2000 동아미술제: 평면· 입체,,2000.04.27-2000.05.05,
과거전시,덕수궁,한국근대미술의 한 단면 - 한국은행소장품을 중심으로,10명,2000.04.20-2000.06.20,제 1. 2전시실
과거전시,덕수궁,심산 노수현 탄생 100주년 기념전,노수현,2000.04.04-2000.06.18,제3.4전시실
과거전시,과천,새천년의 항로: 주요 국제전 출품 작가들. 1990-99,21명,2000.03.14-2000.04.22,제1.2전시실
과거전시,과천,신소장품 1999,61명,2000.03.07-2000.04.09,제 7전시실
과거전시,덕수궁,선과 여백 - 작고작가 드로잉,38명,2000.02.16-2000.04.09,제 1. 2전시실
과거전시,과천,2000년도 움직이는 미술관,,2000.01.01-2000.12.31,
과거전시,과천,한국미술 99 - 인간.자연.사물,99명,1999.12.07-2000.02.29,제1. 2전시실
과거전시,덕수궁,한국근대미술 : 공예 - 근대를 보는 눈,30명,1999.11.16-2000.02.06,제1.2전시실
과거전시,과천,제18회 대한민국미술대전: 제2부 구상계열,,1999.11.13-1999.11.24,
과거전시,해외,한국현대판화-스페인 순회전,26명,1999.09.15-1999.10.24,스페인 국립판화미술관
과거전시,과천,한국건축 100년전,강건희 외 188명,1999.08.31-1999.10.28,제1.2전시실 및 중앙홀
과거전시,덕수궁,한국근대미술 : 조소 - 근대를 보는 눈,26명,1999.08.24-1999.10.31,석조전
과거전시,과천,제18회 대한민국미술대전: 공예부문,,1999.08.11-1999.08.21,
과거전시,과천,제18회 대한민국미술대전: 서예부문,,1999.08.11-1999.08.21,
과거전시,과천,올해의 작가 1999 - 김호석전,김호석,1999.06.15-1999.08.15,제2전시실
과거전시,과천,아트 & 아트웨어 - 옷. 그 겉과 안,강민권 외 47명,1999.06.10-1999.07.28,제1. 7전시실
과거전시,과천,제18회 대한민국미술대전: 제1부 비구상계열,,1999.05.19-1999.05.29,
과거전시,덕수궁,오늘로 걸어나온 사람들전,,1999.04.03-1999.05.30,1. 2. 3. 4전시실
과거전시,과천,신소장품 92∼98전,강우문. 고화흠. 권순철. 권진규. 김 태. 김구림. 김병기. 김서봉. 김영기. 김영주. 김정헌. 김종하. 김종학. 김진수. 김창억. 김학수. 김흥수. 나상목. 민정기. 박 건. 박광진. 박승무. 박영남. 박영선. 배동신. 사석원. 신순남. 신양섭. 신학철. 아이작 위트킨. 안규철. 유경채. 윤중식. 이 인. 이만수. 이상욱. 이철량. 이태현. 이태호. 임옥상. 장두건. 장리석. 전광영. 전국광. 전래식. 정관모. 정비파. 정영렬. 정창섭. 조순호. 최경한. 최기원. 최재은. 최창홍. 크리스티앙 볼탕스키. 하영식. 한영섭. 함 섭. 허 황,1999.03.24-1999.05.09,제2전시실
과거전시,과천,한국현대미술 독일순회전 귀국전,15명,1999.02.09-1999.04.11,제1전시실
과거전시,과천,사진의 시각적 확장전 - 현실과 환상,41명,1998.12.22-1999.01.24,제1.7전시실
과거전시,과천,젊은 모색 98전,15명,1998.12.10-1999.03.10,제2전시실
과거전시,덕수궁,덕수궁미술관 개관 기념_다시 찾은 근대미술,74명,1998.12.01-1999.03.31,석조전
과거전시,과천,제17회 대한민국미술대전: 제2부 구상계열,,1998.11.16-1998.11.30,
과거전시,과천,국립현대미술관 소장작품특별순회전,,1998.10.16-1998.10.22,
과거전시,과천,한국근대미술 : 수묵·채색화,80여명,1998.09.04-1998.11.04,제1.7전시실
과거전시,과천,영국현대미술 - 개성과 익명사이에서,9명,1998.08.28-1998.10.20,제 2전시실
과거전시,과천,제13회 대한민국공예대전,,1998.07.21-1998.08.04,
과거전시,과천,제10회 대한민국서예대전,,1998.07.21-1998.08.04,
과거전시,과천,안도 타다오 - 건축. 그 창조의 과정,안도 타다오,1998.06.12-1998.07.29,제 2전시실
과거전시,과천,정부소장미술품 특별전,정부소장미술품 작가,1998.06.09-1998.07.09,제7전시실
과거전시,과천,올해의 작가 : 권영우,권영우,1998.06.05-1998.07.05,제1전시실
과거전시,과천,제17회 대한민국미술대전: 제1부 비구상계열,,1998.05.12-1998.05.26,
과거전시,과천,1998 동아미술제: 회화 Ⅰ·Ⅱ·Ⅲ부. 조각부,,1998.04.16-1998.04.26,
과거전시,해외,98한국현대미술 독일 순회전 - 호랑이의 해,유영호 외 13명,1998.04.02-1998.10.11,세계문화의 집(베를린)1998.4.2-1998.6.23<br> 루드비히 포름(아헨)1998.8.7-10.11
과거전시,기타,1998 움직이는 미술관,,1998.03.17-1998.10.22,파주시민회관 등 14개소
과거전시,과천,한국근대미술 : 유화 _ 근대를 보는 눈,126명,1997.12.09-1998.03.10,제1. 7전시실
과거전시,과천,올해의 작가전 - 황인기,황인기,1997.11.25-1997.12.30,제2전시실
과거전시,과천,국립현대미술관 소장작품특별순회전,,1997.11.14-1997.11.23,
과거전시,해외,한국미술해외순회전 (조셀로프 미술관 『Ancient Traditions/ New Forms- Contemporary Art from Korea』),12명,1997.11.13-1998.01.20,조셀로프미술관(미국 하트포드)
과거전시,해외,한국미술해외순회전 (I.C.A 『Inside out - Four Artists from Korea』),4명,1997.11.08-1998.01.04,Institute for Contemporary Art (미국 필라델피아)
과거전시,과천,제16회 대한민국미술대전: 2부 구상계열,,1997.11.01-1997.11.16,
과거전시,과천,일본현대미술전,16명,1997.09.23-1997.10.23,제2전시실 및 중앙홀
과거전시,과천,독일 뷔르트미술관 소장품 - 20C 미술로의 산책,62명,1997.08.19-1997.09.28,제 7전시실
과거전시,과천,토니 크랙전,토니 크랙,1997.08.02-1997.09.03,제2전시실
과거전시,과천,제9회 대한민국서예대전,,1997.07.28-1997.08.11,
과거전시,과천,제12회 대한민국공예대전,,1997.07.28-1997.08.11,
과거전시,과천,수난과 영광의 유민사 - 신순남전,신순남,1997.06.05-1997.07.15,제1.2전시실
과거전시,과천,제16회 대한민국미술대전: 1부 비구상계열,,1997.05.10-1997.05.25,
과거전시,과천,한국미술 97 : 인간.동물.기계,강관욱외 35명,1997.02.25-1997.03.26,제1전시실
과거전시,과천,볼탕스키:겨울여행,크리스티앙 볼탕스키,1997.02.20-1997.04.06,제2전시실
과거전시,과천,기증작가 특별전: 이림. 박길웅,,1997.01.03-1997.06.30,
과거전시,기타,1997 움직이는 미술관,,1997.01.01-1997.12.31,
과거전시,과천,뒤러와 동시대 작가 판화전: 한스 발둥 그리인. 루카스 크라나흐. 알브레히트 알트도르퍼,알브레히트 뒤러 외 3명,1996.12.18-1997.01.31,제2전시실
과거전시,과천,제15회 대한민국미술대전: 2부 구상계열,,1996.11.21-1996.12.06,
과거전시,과천,문인들의 초상전,,1996.10.10-1996.11.10,
과거전시,과천,젊은 모색 `96,김동유외 19명,1996.10.08-1996.11.12,제2전시실
과거전시,과천,세자르 회고전(1948 - 1996),세자르,1996.09.21-1996.11.05,제 1전시실
과거전시,기타,국립현대미술관 소장작품특별순회전,,1996.09.13-1996.10.11,강릉문화예술회관. 한림갤러리
과거전시,해외,현대한국미술 일본전,14명,1996.09.05-1996.11.07,동경국립근대미술관. 오사카국제미술관
과거전시,과천,올해의 작가전 - 윤정섭,윤정섭,1996.08.24-1996.09.22,제2전시실
과거전시,과천,중국화 정품전,68명,1996.08.16-1996.09.08,제7전시실
과거전시,과천,대상수상작가전,강승희 외 54명,1996.08.09-1996.09.08,제1전시실
과거전시,과천,제8회 대한민국서예대전,,1996.07.15-1996.07.30,
과거전시,과천,제11회 대한민국공예대전,,1996.07.15-1996.07.30,
과거전시,과천,사진 - 새로운 시각전,구본창외 19명,1996.06.01-1996.07.02,제1전시실
과거전시,과천,제15회 대한민국미술대전: 1부 비구상계열,,1996.05.06-1996.05.21,
과거전시,과천,1996 동아미술제: 회화 Ⅰ·Ⅱ·Ⅲ부. 조각부,,1996.04.12-1996.04.24,
과거전시,과천,한국전통산수화 소장작가전,강장하 외 40명,1996.03.20-1996.04.26,제 2전시실
과거전시,과천,크리스티앙 드 포르쟘박 건축전,크리스티앙 드 포르잠박,1996.02.29-1996.03.28,제1전시실
과거전시,과천,스웨덴 현대미술 10인전,10명,1996.02.16-1996.03.15,제 7전시실
과거전시,과천,`95 베니스비엔날레 특별전 귀국전: 호랑이의 꼬리,15명,1996.01.03-1996.01.23,제1전시실
과거전시,과천,전통과 혁신 - 이탈리아 현대미술전,30명 <br>에밀리오 그레코. 쟈코모 만쥬. 마리노 마리니. 루치오 폰타나. 밈모 로텔라. 발레리오 아다미. 알리기에로 보에티. 피에로 만쪼니. 마리오 메르쯔. 줄리오 파올리니. 쥬셉페 페노네. 미켈란젤로 피스톨레토. 죠반니 안셀모. 산드로 키아. 프란체스코 클레멘테. 엔조 쿠키. 밈모 팔라디노. 스테파노 아리엔티.  마르코 친고라니. 사라 치라치. 마르티노 콥페스. 마리오 델라베도바. 파올로 파비아니. 마르게리타 만젤리. 아메데오 마르테가니. 가브리엘 디 마테오. 알렉산드로 페솔리. 루이지 온타니. 마리아 그라찌아 토데리. 마시모 우베르티,1995.12.09-1996.01.23,제2전시실
과거전시,과천,프린트아카데미,,1995.11.22-1995.12.05,아카데미 전시실
과거전시,과천,제14회 대한민국미술대전: 2부 구상계열,,1995.10.10-1995.10.24,
과거전시,기타,국립현대미술관 소장작품특별순회전,,1995.09.14-1995.10.22,서귀포시립미술관. 구미시 문화예술회관
과거전시,과천,한국미술 `95: 질·량·감,강남미 외 33명,1995.08.17-1995.09.19,제 1. 2전시실
과거전시,과천,제7회 대한민국서예대전,,1995.07.18-1995.08.01,
과거전시,과천,제10회 대한민국공예대전,,1995.07.18-1995.08.01,
과거전시,과천,한국전통산수화전,강지주 외 46명,1995.06.17-1995.07.09,제1전시실
과거전시,해외,호랑이의 꼬리 : `95 베니스 한국현대미술 15인전,15명,1995.06.08-1995.09.30,이탈리아 베니스 Palazzo Vendramin ai Carmini
과거전시,과천,제14회 대한민국미술대전: 1부 비구상계열,,1995.05.12-1995.05.26,
과거전시,해외,한국현대미술전,36명,1995.04.07-1995.04.26,중국북경미술관 2층 3개 전시실
과거전시,과천,올해의 작가: 전수천전,전수천,1995.03.15-1995.04.15,제 2전시실
과거전시,기타,1995년도 움직이는 미술관,,1995.03.07-1995.11.10,이대목동병원. 순천시 문화예술회관 등 20개소
과거전시,과천,한국현대미술50년전,62명,1995.02.22-1995.03.29,
과거전시,과천,앙드레 케르테츠 사진전,앙드레 케르테츠,1995.02.15-1995.03.19,제1전시실
과거전시,국립현대미술관,서울국제현대미술제,,1994.12.16-1995.01.14,
과거전시,과천,제8회 프린트 아카데미전,,1994.12.06-1994.12.11,
과거전시,과천,젊은 모색 `94,고명근외 24명 - 김대수. 김명숙. 김명혜. 김지현. 김황록. 박정환. 박창식. 박 희련. 백의례. 신경희. 오상근. 윤영진. 윤종구. 이강우. 이강화. 이수홍. 이주용. 임연숙. 장남용. 전항섭. 채미현. 허구영. 홍성민,1994.11.12-1994.12.06,제2전시실
과거전시,덕수궁,까르띠에재단 소장품전,27명,1994.11.05-1994.12.07,제1전시실
과거전시,과천,제53회 정기전과 캐나다 작가 합동전. 제31회 공모미술대,,1994.10.25-1994.11.03,제 2전시실. 중앙홀
과거전시,과천,제13회 대한민국미술대전 2부: 구상계열,,1994.10.01-1994.10.18,
과거전시,과천,이우환 전,이우환,1994.09.03-1994.09.22,제2전시실
과거전시,과천,현대일본전통공예. 현대일본디자인전,▶ 디자인 - 가네시게 도요. 가토 하지메. 곤도 유죠. 다무라 고이찌. 도구다 야스키치.  마쯔이 코세이. 미와 규세쯔. 미와 큐와. 미우라 고헤이지. 사가이다 가기에몽. 스즈끼 오사무. 시미지 우이찌. 아라카와 도요조. 야마모토 토슈. 에구찌 가쯔  미. 에자기 잇세이 이또우 모토히고. 이마이즈미 이마에몽. 이시구로 무네마로.  쯔가모토 가이지. 토미모토 겐키치. 하마다 쇼지. 후지모토 요시미찌. 후지와라  유. 후지와라 케이. 가구타니 잇게이. 가시마 익고. 고사까 유스이. 나가노 유다까. 나가노 테시. 나이또 시로. 다까무라 토요찌가. 사사시 쇼도. 세기야  시로. 오오끼 히에하루. 오스미 유끼에. 이오 토시오. 나까노 고이찌. 다구찌  요시구니. 다도꼬로 호사이. 마스무라 기이치로. 마스무라 마시기. 마에 타이 호. 마쯔다 곤로구. 무로세지. 미요시 가가리. 사사기 에이. 시오타 케이시로. 아가찌 유사이. 오꾸데 쥬센. 오다 히토시. 오바 쇼교. 오토마루 고도. 오토마 루 준. 오토마루 히로시. 이소이 마사미. 이소이 죠신. 타가노 쇼잔. 테라이 나 오지. 기와기타 고이찌. 기와기타 료조. 구로다 다쓰아끼. 나까다이 즈이신. 사 또 호슈. 아기야마 잇세. 오노 쇼와사이. 후지사기 가즈마사. 히미 코도. 가쯔 시로 소호. 마에다 치구보사이. 마쯔자와 가즈요시. 쇼노 쇼운사이. 이이즈가  쇼간사이. 하야가와 쇼코사이. 가마구로 요시타로. 고미야 야스마자. 고미야 고 하구시. 기무라. 우쟌. 나가무라 가쯔마. 다지마 히로시. 모리구찌 가고. 무네히 로 리기죠. 세리자와 게이스께. 스즈다 테루지. 시무라 후구미. 야마다 미쯔기.  하다 도기오. 가고시마 주죠. 세리가와 에이꼬. 이시하시 도시꼬. 호리 류죠.  히라타 고요. 고바야시 기구이찌로. 에리 사요꼬. 타구마 쇼이찌  <p> ▶공예 -  아키타 칸. 바바 카즈코. 단 노리히코. 후지모토 유키오. 히로넨. 하시누마 요시키. 나가사와 요이치. 세지마 카즈요. 다카사키 마사하루. 야하기 키쥬로,1994.09.01-1994.10.11,제4전시실
과거전시,과천,한국현대도예 30년전,강병옥 외 142명,1994.08.12-1994.09.10,제1. 7전시실 및  중앙홀
과거전시,과천,미켈란젤로 피스톨레토전,미켈란젤로 피스톨레토,1994.07.20-1994.08.21,제 2전시실
과거전시,과천,제9회 대한민국공예대전,,1994.07.13-1994.07.30,
과거전시,과천,제6회 대한민국서예대전,,1994.07.13-1994.07.30,
과거전시,과천,제13회 대한민국미술대전: 1부 비구상계열,,1994.06.14-1994.07.01,
과거전시,과천,이준展,이준,1994.05.05-1994.05.24,제2전시실
과거전시,과천,카렐 아펠 회고전,카렐 아펠,1994.04.23-1994.06.01,제1전시실
과거전시,과천,민철홍전,민철홍,1994.03.31-1994.04.24,제2전시실
과거전시,과천,막스 에른스트 판화·도서전,막스 에른스트,1994.03.09-1994.04.17,원형전시실1(외곽)
과거전시,기타,움직이는 미술관,,1994.03.01-1994.10.31,
과거전시,과천,민중미술 15년 : 1980 - 1994,강연균외 246명 <br>▶ 회화Ⅰ- 강행원. 곽재경. 김경주. 김상섭. 김세현. 김진수. 김호석. 박문종. 박생광. 배영환. 성병회. 송만규. 송문익. 양상용. 옥봉환. 임향한. 임흥수. 전성숙. 정세학. 조진호. 진영조. 최애경. 하경옥. 하성흡. 허달용. 홍성민  <br> ▶회화Ⅱ- 강연균. 강요배. 고 현. 곽영화. 권순철. 권용택. 김건희. 김경인. 김근태. 김기현. 김기호. 김난희. 김대현. 김맹호. 김미련. 김미혜. 김보중. 김부자. 김산하. 김석주. 김성룡. 김성중. 김영진. 김용님. 김용덕. 김윤기. 김용태. 김은곤. 김인규. 김인순. 김재홍. 김정헌. 김종례. 김진열. 김천일. 김태헌. 김형대. 김호원. 김환영. 김희경. 김희련. 나종희. 남택운. 노원희. 두시영. 류준화. 민경호. 민정기. 박경훈. 박광수. 박미경. 박불똥. 박영균. 박은국. 박종선. 박진화. 박철우. 박태규. 박형식. 박흥순. 방정아. 배용관. 백만수. 백수남. 서미라. 서숙진. 손기환. 손장섭. 손상기. 송정임. 송주섭. 송 창. 송필용. 신경호. 신경숙. 신은영. 신지철. 신학철. 심규섭. 안창흥. 양호규. 여 운. 오경환. 오진희. 유성숙. 윤석남. 이강하. 이경재. 이근표. 이기홍. 이만익. 이명복. 이사범. 이상국. 이상권. 리상호. 이선조. 이성재. 이오연. 이인재. 이인철. 이종구. 이종률. 이준석. 이진숙. 이청운. 이혜숙. 이흥덕. 임상기. 임옥상. 임종길. 임환재. 장 호. 전승일. 전정호. 정복수. 정선권. 정정엽. 정진욱. 정하수.  정희승. 조경숙. 주재환. 진경우. 진창윤. 최민화. 최병수. 최연택. 최석운. 최진욱. 최창훈. 최호철. 한희원. 함종호. 홍성담. 황세준. 황재형. 황효창  <br>▶ 조 각 - 강관욱. 구본주. 김광진. 김대성. 김서경. 김선자. 김운성. 김주호. 김창세. 김홍곤. 김희상. 나상옥. 동용선. 문기언. 문태홍. 박미경. 박미용. 박선제. 박희선. 배형경. 손향옥. 심정수. 안규철. 양희태. 이기원. 이석금. 이성강. 이송열. 이연수. 이충복. 이태호. 임영선. 전미영. 전병근. 정순남. 천현노. 최광순. 최병민. 홍순모. 황지선  <br> ▶ 만 화 - 박재동. 이희재  <br>▶ 판 화 - 김방죽. 김준권. 남궁산. 맹경자. 박 건. 서상환. 안한수. 유연복.  이기정. 이나경. 이인철. 정비파. 정원철. 정진석. 최상호. 홍선웅. 오 윤  <br> ▶ 사 진 - 권태균. 김민숙. 김서곤. 김영수. 김영일. 김형수. 육명심. 정인숙.  최광호,1994.02.05-1994.03.16,제1.2.7전시실 및 중앙홀
과거전시,과천,뒤뷔송 현대공예전,뒤뷔송,1993.12.22-1994.01.23,제1전시실
과거전시,과천,한국전통색채자료전,,1993.12.18-1994.01.16,
과거전시,과천,김창열,김창열,1993.11.27-1993.12.21,제2전시실
과거전시,과천,1.500년 전 集安 고분 벽화전_아! 고구려...,집안 고구려벽화,1993.11.18-1993.12.26,제 4전시실
과거전시,과천,곽훈전,곽 훈,1993.11.09-1993.12.03,제7전시실
과거전시,과천,삐에르 술라쥬 회고전,삐에르 술라쥬,1993.11.03-1993.12.10,제1전시실 및 중앙홀
과거전시,과천,손동진전,손동진,1993.10.23-1993.11.16,제2전시실
과거전시,과천,제12회 대한민국미술대전: 2부 구상계열 ,,1993.09.28-1993.10.17,
과거전시,과천,`93 휘트니 비엔날레 서울전,▶ Visual Arts <br> Janine Antoni. Mattew Barney. Maureen Connor. Jimmie Durham. Leone & Macdonald. Simon Leung. Gelnn Ligon. Miguel Gandert. Reobert Gober. Nan Goldin. Michael Jaaquin Grey and Randolph Huff. Gary Hill. Mike Kelly. Byron Kim. Zoe Leonard. Suzanne McClelland. Donald Moffett. Pepon Osorio Raymond Pettibon. Jack Pierson. Lari Pittman. Charles Ray. Alison Saar. Allan Sekula. Gary Simmons. Lorna Simpson. Kiki Smith. Nacy Spero. Francese Torres. Pat Ward Williams. Sue Williams. Kevin Wolff <br> ▶ Video  <br> Charles Atlas. Sodie Benning. Sophie Calle & Greg Shephard. Cheryl Dunye. Jeanne C. Finley. Gulf Crisis TV Project(in collaboration with Deep Dish TV Network and Paper Tiger Television). George Holliday. Elizabeth LeCompte/The Wooster Group. Spike Lee. Not Channer Zero(in collaboration with Deep Dish TV Network and Paper Tiger Television). Lourdes Protillo. Mark Rappaport. Jonathan Robinson. Janice Tanaka. Willie Varela. Bill Viola. Camille Billops & James Hatch. Roddy Bogawa. Christine Chang. Julie Dash. Holly Fisher. Jean-Pierre Gordin. Barbara Hammer. William Jones. Peter Sellars. Julie Taymor. Trinh T. Minh-ha. Marco Williams,1993.07.31-1993.09.08,제1.2전시실 및 중앙홀
과거전시,과천,한국현대판화 40년전,97명 - 강국진. 강상중. 강승희. 강애란. 강환섭. 곽남신. 곽덕준. 구자현. 권녕 숙. 김구림. 김민자. 김봉태. 김상구. 김상유. 김석환. 김 선. 김승연. 김연규. 김용철. 김익모. 김정수. 김정자. 김종학. 김차섭. 김창열. 김태호. 김한국. 김 현실. 김형대. 김희자. 노재황. 박광열. 박광진. 박동윤. 박래현. 박수근. 배 륭. 백금남. 백남준. 백순실. 서승원. 서정희. 석난희. 손철호. 송대섭. 송번수. 송 중덕. 신장식. 신지식. 안정민. 오세영. 오 윤. 우제길. 유강열. 윤갑용. 윤미란. 윤동천. 윤명로. 윤효준. 이규호. 이상욱. 이상조. 이선원. 이성자. 이순만. 이 승일. 이영애. 이용길. 이우환. 이은산. 이인화. 이 일. 이재호. 이항성. 임영길. 장영숙. 장화진. 전경자. 전성우. 정 규. 정미경. 정미영. 정상곤. 정상화. 정원 철. 정 일. 지석철. 최미아. 최영림. 최인선. 하동철. 하정애. 한 묵. 한운성. 홍 재연. 황규백. 황용진,1993.05.26-1993.07.01,제2전시실
과거전시,기타,국립현대미술관 소장작품 특별순회전,71명,1993.05.19-1993.05.28,광주시립미술관
과거전시,과천,제12회 대한민국미술대전: 1부 비구상계열,,1993.04.27-1993.05.16,
과거전시,과천,제8회 대한민국공예대전,,1993.03.26-1993.04.14,
과거전시,과천,제5회 대한민국서예대전,,1993.03.26-1993.04.14,
과거전시,국립현대미술관,1993년도 동아미술제: 서예·전각·문인화,,1993.03.03-1993.03.15,대여관
과거전시,기타,움직이는 미술관,,1993.03.01-1993.10.31,
과거전시,과천,원로작가회화전,김기창외 69명 <br>▶한국화 - 김영기. 김재배. 김학수. 류명열. 박세원. 배정예. 안동숙. 이규옥. 이남호. 이억영. 이용자. 이유태. 이진섭. 이현옥. 이형섭. 장철야. 한유동 <br> ▶양 화 - 강용운. 강우문. 고화흠. 권옥연. 김병기. 김영주. 김종하. 김진명. 김창억. 김형구. 김흥수. 나건파. 류경채. 유영필. 박각순. 박성환. 박영선. 배동신. 백남순. 백영수. 서창환. 손동진. 송혜수. 신영헌. 유영국. 윤재우. 윤중식. 이규호. 이대원. 이성자. 이세득. 이종무. 이 준. 이충근. 이항성. 임규삼. 임직순. 장두건. 장리석. 장 발. 전 혁림. 정상복. 정점식. 조덕환. 조병덕. 조병현. 최덕휴. 한 묵. 한 봉덕. 한우식. 황유엽. 홍종명,1992.12.17-1993.01.31,제1.2전시실 및 중앙홀
과거전시,과천,프랑스 사진의 어제와 오늘전,펠릭스 나다르. 으젠느 아트제. 폴 나다르. 세베르제. 프랑스와 꼴라. 앙드레 케르테츠. 마르셀 보비스. 르네 작끄. 빌리 로니스. 드니즈 꼴롱. 스튜디오 아르꾸르. 다니엘 부디에,1992.12.12-1992.12.30,제2전시실
과거전시,과천,낙원의 이방인: 호주현대미술전,16명-고든 베네트. 피터 칼라스. 유진 카르체지오. 죤 길리스와 시드니 프론트. 빌 헨슨. 마이클 힐. 로즈마리 랭. 린다 리. 죤 닉슨. 수잔 노 리. 린 오너스.  쥴리 랩. 질 스코트. 로빈 스테이시. 켄 언스워드,1992.11.05-1992.12.04,제1전시실
과거전시,과천,젊은 모색 `92,공성훈외 23명 ▶ 구본창. 김영진. 김정완. 민경숙. 박광열. 백광현. 석영기. 신 이철. 신지철. 신진식. 안수진. 오경화. 육태진. 윤동천. 이동기. 이상윤. 이수 경. 장문걸. 장형진. 정하운. 정회진. 한수정. 홍성도,1992.10.30-1992.11.28,제2전시실
과거전시,과천,제11회 대한민국미술대전: 한국화·양화·판화·조각,,1992.10.02-1992.10.21,
과거전시,기타,국립현대미술관 소장작가작품 특별순회전: 한국 현대미술의 어제와 오늘,▶ 한국화 <br>김규진. 김기창. 김영기. 김옥진. 김은호. 김정현. 김화경. 민경갑. 박노수. 박 생광. 박세원. 배 렴. 서세옥. 성재휴. 송수남. 송영방. 신영상. 심경자. 안동숙. 오용길. 오태학. 이규선. 이상범. 이왈종. 이인실. 이종상. 장우성. 장운상. 정 치환. 정탁영. 허백련  <br> ▶ 양화 <br> 김인승. 김홍석. 김환기. 김흥수. 남관. 도상봉. 류경채. 문학진. 박득순. 박서 보. 변종하. 손일봉. 안병석. 오승우. 오지호. 유영국. 윤형근. 이상욱. 이종무. 이종우. 이 준. 임직순. 장두건. 장리석. 장욱진. 정점식. 최영림. 하인두. 하종현. 홍종명. 황규백. 황유엽  <br>▶조각<br>강관욱. 강희덕. 김경승. 민복진. 오세원. 윤영자. 최종태,1992.09.19-1992.10.08,대구문화예술회관. 강릉문화예술관
과거전시,과천,원곡 김기승전,김기승,1992.08.27-1992.09.24,1층 원형전시실(외곽)
과거전시,과천,백남준 비디오때·비디오땅전,백남준,1992.07.30-1992.09.06,제1.7전시실. 중앙홀. 램프코아
과거전시,과천,`91 신소장품전Ⅱ,<한국화> <p> 이경수. 김호득. 오낭자. 이선우. 김태신. 김수길. 정은영. 김흥종. 김근중  <p> <양화>  <p> 윤동구. 김진수. 권여현. 오치균. 김세영. 박재영. 정충일. 김형대. 조택호. 최 명영. 윤형근. 한영섭. 김수자  <p> <판화>  <p> 게르하르트 리터와 씨그마폴케. 브레머. 브라이언 헌트. 스페라키스. 오광섭. 윤명로  <p> <비디오>  <p> 박현기. 하동철  <p> <조각>  <p> 주해준. 김창희. 박충흠. 김효숙. 원인종. 김청정. 오종욱. 신옥주. 전국광. 조 성묵. 김희성.  <p> <공예>  <p> 정경연. 박애정. 서도식  <p> <사진>  <p> 데이비드 호크니. 최병관  <p> <건축>  <p> 김수근,1992.06.12-1992.07.26,1층 원형전시실(외곽)
과거전시,과천,`92 현대미술특별전: 양화. 조각,강경규외 395명 <br> ▶ 양화 : 강 광. 강국진. 강길원. 강대운. 강연균. 강우문. 강하진. 강환섭. 고영훈. 곽남 신. 구자승. 권훈칠. 김강용. 김경복. 김광숙. 김구림. 김동창. 김명식. 김문기. 김민기. 김상구. 김서봉. 김선회. 김수자. 김순자. 김승연. 김암기. 김애영. 김 영덕. 김영배. 김영재. 김영태. 김용근. 김용기. 김용철. 김윤식. 김인화. 김일 랑. 김재관. 김재형. 김정자. 김종근. 김종복. 김종수. 김종일. 김종학. 김종휘. 김진명. 김진석. 김창희. 김춘식. 김 태. 김태호(金泰浩). 김태호(金台鎬). 김택 화. 김 한. 김 한. 김한국. 김현실. 김형근. 김형대. 김혜숙. 김호걸. 김홍석. 김 홍주. 김흥남. 김흥수. 라건파. 나희균. 노의웅. 유근영. 류병엽. 유연희. 유영 필. 유휴열. 유희영. 문복철. 문종옥. 민병목. 박광진. 박권수. 박기태. 박남재. 박동인. 박만수. 박석환. 박수용. 박승규. 박연도. 박영남. 박영성. 박영하. 박 용인. 박장연. 박재호. 박종해. 박창돈. 박 철. 박학배. 박현기. 박희만. 배동환. 배정혜. 백성도. 변시지. 서석규. 서승원. 서용선. 서정찬. 석난희. 손수광. 손 순영. 송 경. 송기성. 송대섭. 송영명. 송 룡. 송윤희. 숨결새벌. 심금례. 신수진. 신양섭. 신영헌. 신일근. 신종섭. 신중덕. 신지식. 심죽자. 안병석. 양인옥. 엄기홍. 오경환. 오세열. 오수환. 오승우. 오승윤. 우제길. 유병수. 유병훈. 유승우. 유인수. 윤명로. 윤미란. 윤석원. 윤재우. 윤병재. 윤효준. 음영일. 이광 수. 이건용. 이경석. 이경순. 이경희. 이광숙. 이광하. 이나경. 이대원. 이동근. 이동엽. 이동진. 이두식. 이두옥. 이병학. 이부웅. 이상조. 이석주. 이선희. 이세득. 이수창. 이승일. 이영륭. 이영애. 이영희. 이완호. 이용환. 이원재. 이육 록. 이융세. 이의주. 이인영. 이인화. 이정주. 이정지. 이종무. 이종학. 이 준. 이중희. 이지휘. 이청운. 이청자. 이충근. 이태길. 이태현. 이필언. 이한우. 이효숙. 이희련. 임 립. 임상진. 임완규. 임철순. 장두건. 장성순. 장순업. 장영숙. 장영주. 장 완. 장지원. 장화진. 전명자. 전성우. 전혁림. 전희수. 정남영. 정 린. 정문규. 정문현. 정승주. 정점식. 정창섭. 정해일. 제정자. 조규일. 조덕호. 조덕환. 조문자. 조병덕. 조병현. 조부수. 조영동. 조용익. 조희수. 주태석. 지석철. 진옥선. 진원장. 최경한. 최명영. 최붕현. 최쌍중. 최성훈. 최 수. 최수화. 최영훈. 최창홍. 최희수. 추연근. 표승현. 하관식. 하동균. 하동철. 하영식. 한 기주. 한만영. 한승재. 한영섭. 한운성. 함 섭. 허 황. 형진식. 홍민표. 홍순무. 홍재연. 홍정희. 홍종명. 황승호. 황영성. 황용섭. 황정자  <br> ▶ 조각 : 강관욱. 강대철. 강은엽. 강태성. 강희덕. 계낙영. 고경숙. 고정수. 권달술. 금 누리. 김경옥. 김경화. 김광우. 김광진. 김기호. 김대열. 김동호. 김방희. 김병 화. 김봉구. 김수현. 김영대. 김영원. 김영중. 김유선. 김윤화. 김익수. 김인겸. 김인경. 김일영. 김정명. 김종호. 김찬식. 김창희. 김청정. 김행신. 김혜원. 김 효숙. 김희성. 남 철. 노재승. 유종민. 문인수. 문혜자. 민복진. 민성래. 박기옥. 박병욱. 박상숙. 박석원. 박 실. 박영희. 박윤자. 박일순. 박종선. 박철준. 박충 흠. 배형식. 백철수. 서동화. 신석필. 신옥주. 신현중. 심부섭. 심정수. 양화선. 오광섭. 오상일. 오세원. 오종욱. 오형태. 원승덕. 유영교. 윤석원. 윤석구. 윤 성진. 윤영석. 윤영자. 이갑열. 이상갑. 이승택. 이영길. 이영학. 이운식. 이일 호. 이정자. 이종각. 이창림. 이춘만. 임동락. 임송자. 장상만. 장 식. 전뢰진. 전상범. 전 준. 정관모. 정은기. 정현도. 조국정. 조성묵. 조승환. 조재구. 주영 도. 주해준. 진송자 최국병. 최기원. 최남진. 최덕교. 최만린. 최병상. 최의순. 최인수. 최종태. 최충웅. 한인성. 한창조. 홍성문. 홍순모. 황순례. 황영숙. 황 지선. 황태갑,1992.06.05-1992.07.04,제1.2.7전시실 및 1층 중앙홀
과거전시,과천,제18회 앙데빵당전,,1992.05.15-1992.05.22,
과거전시,과천,제7회 대한민국공예대전,,1992.05.02-1992.05.21,
과거전시,과천,이상욱 유작전,이상욱,1992.04.30-1992.05.24,제2전시실
과거전시,해외,한국현대미술 영국 테이트 갤러리전 - 자연과 함께,정창섭. 윤형균. 김창열. 박서보. 이우환. 이강소 등 6명,1992.04.08-1992.06.21,영국 테이트갤러리 리버풀
과거전시,과천,`91 신소장품전Ⅰ,미술관 소장품,1992.03.27-1992.05.20,1층 원형전시실 외곽
과거전시,과천,이스라엘 현대조각전,47명 - 이란 아버부흐. 자독 벤 다비드. 뢰븐 버만 카딤. 빌루 블리흐. 조수아 보코프 스키. 핀커스 코헨 간. 엘리샤 다간. 드로라 다미니. 야곱 돌친. 베니 애프랫. 핀커스 에셋. 베루 사이몬 파이나루. 기데온 게히트만. 테레사 기예르. 비앙카 에셀 게르슈니. 미카엘 기틀린. 이쟉 골롬벡. 미카엘 그로스. 즈비 헥커.  메나쉬 카디쉬만. 디나 카나 겔러. 즈비카 칸토. 다니 카라반. 가비 클라스머. 아메트 크나안. 하임 마오르. 하바 메후탄. 모티 미즈라키. 이스라엘 모셴 죤. 나프타리 나흐마니. 모세 니니오. 아브라함 오펙. 도브 오너. 탄야 프레밍거. 시갈 프리모. 이스라엘 라비노비츠. 필립 란쭤. 디나 레카나티. 레비바 레게프. 다니엘 삭. 부키 쉬바르쯔. 나오미 샤레브. 예히엘 쉐미. 시오나 쉼쉬. 이가엘 투마킨. 미카 울만. 단 쟈카임,1992.03.25-1992.04.24,제2전시실
과거전시,국립현대미술관,1992년도 동아미술제: 회화·조각,,1992.03.18-1992.03.30,대여관
과거전시,기타,움직이는 미술관,,1992.03.01-1992.11.30,경희의료원 등
과거전시,과천,프랑스 현대판화전,질 아이요. 쟝-미셀 알베롤라. 쟝-샤를르 블레. 프랑소와 브와스롱. 루이 칸. 올리비에 드브레. 엘렌느 델프라. 에르베 디로자. 필립 파비에. 제라르 갸루스트. 쟝-삐에르 펭스멩. 쟝-마르크 스캉레이. 제라르 티투스-카르멜. 제라르 트라캉디 등 총 14인,1992.02.27-1992.03.22,원형전시실(1층 외곽)
과거전시,과천,회화와 수복전,,1991.12.05-1992.01.19,
과거전시,과천,워홀과 바스키아의 세계전,앤디 워홀. 쟝 미셸 바스키아,1991.11.01-1991.11.30,제5전시실
과거전시,과천,도시환경전: 아름다운 서울,밀라노 트리엔날레 출품작,1991.10.30-1992.02.20,중앙홀(1층)
과거전시,과천,박서보 회화40년전,박서보,1991.10.25-1991.11.14,제1전시실
과거전시,과천,벨기에 현대미술전,쟈크 샤를리에. 크리스티앙 클라우스. 파트릭 코리용. 쟝 드 라 퐁텐느. <br> 스테판 질. 베르나르/모니카 위보. 필립 르 독트. 앙드레 랑보트. 쟝-마리  <br> 마이유. 미셸 무프. 다니엘/쟈크루이 니스트. 쟝-마르크 나베. 쟝-피에르  <br> 랑소네. 크리스티앙 롤레. 세실 방드레쓰. 마르트 웨리,1991.10.18-1991.11.24,제2전시실
과거전시,과천,클라인크네히트 조각전,클라인 크네히트,1991.10.01-1991.10.21,야외조각장
과거전시,과천,제10회 대한민국미술대전: 한국화·양화·판화·조각,,1991.09.17-1991.10.06,
과거전시,과천,임응식 기증작품전,임응식,1991.08.06-1991.09.27,1층 원형전시실 외곽일부
과거전시,과천,'91 현대미술초대전: 한국화. 서예. 공예,강남미외 408명 <br> ▶ 한국화 - 강행원. 곽정명. 구지연. 구창서. 권기윤. 권영우. 김근중. 김금출. 김기창. 김 대원. 김대원. 김동수. 김동협. 김문식. 김병종. 김보희. 김수길. 김아영. 김영 기. 김영길. 김옥진. 김 원. 김원세. 김재배. 김정묵. 김진관. 김천두. 김천영. 김철성. 김춘옥. 김태정. 김학수. 김형수. 김호득. 김흥종. 나기환. 나상목. 문 은희. 문장호. 민경갑. 박남철. 박노수. 박대성. 박봉수. 박선희. 박세원. 박종 기. 박춘묵. 박항환. 백순실. 변상봉. 서세옥. 서정태. 석철주. 선학균. 성창경. 손기종. 송계일. 송수남. 송수련. 송영방. 신산옥. 신영상. 심경자. 심재영. 안 동숙. 안상철. 안석준. 오낭자. 오병인. 오숙환. 오용길. 원문자. 류민자. 류지 원. 유 황. 윤애근. 윤여환. 윤옥순. 윤인기. 이건걸. 이경수. 이규선. 이길원. 이동식. 이상원. 이상찬. 이석구. 이설자. 이숙자. 이양원. 이억영. 이열모. 이 영복. 이영석. 이영수. 이왈종. 이용휘. 이원좌. 이윤영. 이윤호. 이윤희. 이인 실. 이재호. 이정신. 이종상. 이철량. 이철주. 이현옥. 이화자. 임송희. 임 효. 장상의. 장선백. 장철야. 장혜용. 전내식. 전영화. 정명희. 정승섭. 정종해. 정 치환. 정탁영. 정하경. 조평휘. 주민숙. 차명희. 차영규. 최성숙. 최응규. 최한 동. 하태진. 한유동. 한진만. 한풍열. 홍석창. 홍순주. 홍용선. 황창배  <br> ▶ 서예 - 고 강. 공영석. 권갑석. 권오실. 최창륜. 금기풍. 김구해. 김기성. 김능성. 김단 희. 김덕규. 김동연. 김봉근. 김상용. 김상필. 김세호. 김양동. 김영기. 김제인. 김정묵. 김정재. 김제운. 김종범. 김준구. 김준섭. 김진익. 김진화. 김창동. 김 충현. 김태균. 김태수. 김혜배. 김훈곤. 김희진. 노성희. 문선자. 문육생. 민승 기. 민이식. 박근술. 박동규. 박병규. 박수자. 박승배. 박영진. 박원규. 박윤오. 박종회. 박태준. 박행보. 배길기. 배종승. 배재식. 변수길. 변요인. 서경보. 서 근섭. 서용석. 서정한. 서희환. 선주선. 소병순. 손경식. 송명석. 송성용. 송전 석. 송하영. 신경희. 신덕선. 신두영. 신정희. 심우식. 심현삼. 양진리. 여원구. 오명섭. 오제봉. 우재경. 원중식. 유영희. 유인식. 유치웅. 윤양희. 윤춘수. 이 곤. 이곤순. 이규진. 이기우. 이돈흥. 이동규. 이동익. 이병순. 이상복. 이성조. 이수덕. 이영수. 이완종. 이왕재. 이윤섭. 이윤용. 이재림. 이지연. 이한순. 인 영선. 임재우. 임창순. 임현기. 전도진. 전정우. 정계조. 정광주. 정도준. 정연 교. 정우종. 정웅표. 정재흥. 정제도. 정주상. 정태희. 조기동. 조문희. 조수현. 조수호. 조용민. 조용철. 조용선. 조재호. 조종국. 조종숙. 천갑영. 최난주. 최 명환. 최부수. 최정균. 최정혜. 하남호. 하진담. 하한식. 한두철. 한영구. 한태 상. 허남전. 현중화. 황성현. 황 욱  <br> ▶  공예 - 강석영. 강찬균. 고문자. 고성종. 고승관. 곽계정. 곽대웅. 곽순화. 권상오. 권 순형. 권오훈. 김근배. 김덕겸. 김명태. 김석환. 김 설. 김성수. 김수정. 김승희. 김윤환. 김익영. 김종열. 김지건. 김지희. 김태순. 김태희. 김헌언. 남경숙. 남 상교. 남용우. 남철균. 노경조. 노은희. 박수철. 박숙희. 박정석. 박제덕. 박향 숙. 박현숙. 박형철. 박호성. 배만실. 배진환. 백 일. 백태원. 백태호. 변건호. 서길용. 서재행. 서한달. 성옥희. 손정리. 송명수. 송순영. 신광석. 신권희. 신 상재. 신상호. 신영옥. 양행기. 엄광섭. 엄상문. 오순희. 오영민. 오원택. 오융 경. 오일환. 오천학. 원경환. 원대정. 원주안. 유리지. 유철연. 유현주. 유혜자. 윤 근. 이경희. 이규성. 이덕수. 이동일. 이부웅. 이성근. 이성순. 이수종. 이승 원. 이신자. 이양섭. 이정숙. 이희선. 임무근. 임옥수. 임홍순. 장수홍. 장연순. 장윤우. 전인환. 정경연. 정담선. 정대유. 정양희. 정옥란. 정용주. 정정희. 정 진원. 주예경. 조일상. 조정현. 천복희. 최병훈. 최숙경. 최승천. 최열자. 최영 근. 최영자. 최현칠. 한길홍. 한봉림. 홍경희. 홍정실. 황종구. 황종례. 황현숙,1991.08.02-1991.08.31,제1.2.7전시실. 중앙홀
과거전시,과천,목화의 예술적 변용,22명,1991.07.16-1991.07.25,제2전시실 일부
과거전시,과천,한일현대조각전,,1991.06.29-1991.07.07,
과거전시,기타,한국현대회화 유고순회전,25명-한만영. 황창배. 윤연희. 황용엽. 김원숙. 서세옥. 박서보. 정상화. 김홍조.  정병국. 이숙주. 고영훈. 신생휘. 한운성. 권영우. 형진식. 이강소. 김기창.  송수남. 오수환. 이두식. 홍정희. 하종현. 이종상,1991.06.24-1991.10.18,1991. 6. 24 - 7. 28 쟈그레브 중앙미술관 <p> 8. 1 - 8. 22 루브리아나 창카예브롬미술관  <p> 9. 5 - 9. 29 사라예보 이티스티쿰미술관  <p> 10. 2 - 10. 17 베오그라드 현대미술관
과거전시,과천,제17회 앙데빵당전,,1991.06.13-1991.06.20,
과거전시,과천,`90 신소장품전 Ⅱ,<한국화> - 김흥종. 김정묵. 장상의. 한풍열. 김형수. 한진만. 송수남. 홍석창. 조평휘. 이규선 <p> <양화> - 구자승. 유연희. 이영희. 윤지현. 우순옥. 김명희. 엄영삼. 박득순. 유성희. 정정식. 김종휘. 요제치우하. 시드니볼. 칼-오토휼텐  <p> <조각> - 이형우. 오세원. 김청정. 유산호. 김익수. 김영희. 안소니카로  <p> <공예> - 정대유. 이영란. 데시가하라 히로시  <p> <사진> - 임영균  <p> <판화> - 샌프란시스  <p> <서예> - 서희환. 오제봉. 장인식,1991.06.04-1991.07.31,원형전시실Ⅰ외곽일부
과거전시,과천,제6회 대한민국공예대전,,1991.05.20-1991.06.08,
과거전시,과천,제3회 대한민국 서예대전: 한글·한문·사군자·전각,,1991.05.20-1991.06.08,
과거전시,과천,남관: 80년의 생애와 예술,남관,1991.04.25-1991.05.24,제2전시실
과거전시,과천,`90 신소장품전 Ⅰ,▶ 한국화 - 김호득. 김호석. 김병종. 한진만. 홍석창. 강필주. 원문자 <br>▶ 양화 - 우순옥. 김태정. 서용선. 황용엽. 송 경. 정문규. 김종휘. 곽남신. 전 혁림. 마이클 리디스. 빅토르 바사렐리. 마트코 트레보티치. 시드니볼 <br> ▶ 조각 - 이형우. 최인수. 오종욱  <br>▶ 공예 - 박숙희  <br>▶ 사진 - 임영균  <br> ▶ 판화 - 김상구. 김상유. 짐 다인. 빅토르 바사렐리. 캐롤섬머즈 <br>▶ 서예 - 김규진,1991.04.02-1991.05.31,원형전시실Ⅰ외곽일부
과거전시,과천,1991년도 동아미술제_서예·전각·문인화,,1991.03.21-1991.04.02,제 1. 7전시실
과거전시,기타,움직이는 미술관,,1991.03.01-1991.10.31,국립의료원. 아미문화센터. 영등포교도소 등
과거전시,과천,테크놀로지의 예술적 전환,K.P 브레머. 클라우스 폼 부르호. 아스타 그뢰팅. 잉고 귄터. 롤프 율리우스. 울라프 메첼. 아스트리트 클라인. 크리스티나 쿠비슈. 클라우스 케티히. 지그 마르 폴케. 게르하르트 리히터. 카타리나 지베르딩,1991.03.01-1991.04.14,제2전시실
과거전시,과천,요셉 보이스전,요셉 보이스,1991.03.01-1991.03.24,원형전시실
과거전시,과천,신미년 양그림 특별전,총 13명<br> <한국화> - 민경갑. 류지원. 이영수. 윤여환. 이승연. 김보희. 김태정. 유남식  <br> <양화> - 이 림. 이동훈. 천칠봉  <br> <사진> - 김신종. 고길홍,1991.01.04-1991.02.17,제1전시실
과거전시,과천,서울국제미술제,Bryan Hunt 외 58명,1990.11.21-1991.02.20,제2전시실
과거전시,과천,단원 김홍도의 달 기념 : 한국의 현대 풍속화전,이영일 외 34명,1990.11.21-1990.12.05,제7전시실
과거전시,과천,건축가 김수근전,김수근,1990.11.02-1990.12.16,제1전시실
과거전시,과천,소장품으로 엮은 인간과 자연전,김기창 외 97명,1990.10.17-1990.11.10,제 2전시실
과거전시,과천,김흥수 초대전,김흥수,1990.10.17-1990.11.15,제7전시실
과거전시,과천,영국현대공예전,자넷 볼튼. 수지 프리맨. 제랄딘 세인트 어빈 휴버드. 재니스 새먼. 사이안 터커. 윌터 키일러. 사라 래드스톤. 앵거스 수티. 재니스 찰렌코. 사샤 워델. 래이 키이. 피터 나찌에프스키. 짐 패트리지. 호워드 레이볼드. 가이 태플린,1990.09.22-1990.10.21,제6전시실
과거전시,과천,제9회 대한민국미술대전: 한국화·양화·판화·조각,,1990.09.19-1990.10.08,
과거전시,과천,제2회 대한민국서예대전: 한글·한문·사군자·전각,,1990.09.19-1990.10.08,
과거전시,과천,소더비즈 인상파 현대회화전,,1990.09.13-1990.09.23,
과거전시,과천,`90 현대미술초대전: 양화. 조각,강경규외 364명,1990.08.02-1990.08.31,제 1.2.7전시실. 중앙홀
과거전시,기타,제7회 허영전,허영,1990.06.26-1990.07.01,신세계미술관
과거전시,과천,젊은 모색 '90: 한국화의 새로운 방향,강경구외 30명 - 곽정명. 김미순. 김선두. 김선형. 김성은. 김성호. 김성희. 김은숙. 김호석. 김 훈. 문봉선. 박성태. 박인현. 배성환. 사석원. 서도호. 성선옥. 신산옥. 심현희. 이만수. 이선우. 이승하. 이종목. 임정기. 정종미. 조순호. 조 환. 차대영. 하정민. 허 진,1990.06.20-1990.07.19,제1.2전시실
과거전시,과천,제16회 앙데빵당전,,1990.06.19-1990.06.27,
과거전시,과천,일본현대도예전,아끼야마 요. 아라키 다카코. 이시야마. 이토오 고오쇼오. 가네코 준. 구마쿠라 준키치. 고이에 료오지. 사사야마 다다야스. 사토오 사토시. 사토나카 히데토. 스즈키 오사무. 다키구치 가즈오. 즈보이 아스카. 도몽 구니카쯔. 나카무라 긴페이. 나카무라 고오헤이. 하야시 히에유키. 하야시 야스오. 하야미 시로오. 후카미 스에하루. 호시노 사토루. 마츠다 유리코. 미시마 기미요. 미야시타 젠지. 미야나가 리키치. 미와 류우사쿠. 모리노 다이메이. 야나기하라 무쯔오. 야마다 히카루. 요시카와 마사미치,1990.05.23-1990.06.21,제 6전시실
과거전시,과천,제5회 대한민국공예대전,,1990.05.22-1990.06.10,
과거전시,과천,바사렐리전,빅토르 바사렐리,1990.04.21-1990.06.10,제1전시실
과거전시,과천,유고슬라비아 현대회화전,루디 스판젤. 비실리야 요르단. 보요 스타니치. 류노 이반키치. 즈라탄 브라크얀. 미오드라그 프로티치. 쥴리에 키퍼. 안드라즈 살라문. 도르데 이바즈코비치. 즈마고 제라예. 즈로 세데르. 즈라트코 케세르. 미로슬라브 수테이. 베키르 미시리치. 페르디난드 쿨머. 젤코 컵게. 마트코 트레보티치. 보리스 뷰찬. 젠코후쟌. 브라디미르 벨리즈코비치,1990.04.19-1990.06.02,제 2전시실
과거전시,과천,국제야외조각현장제작(M.스타치올리),마우로 스타치올리,1990.04.11-1990.05.17,
과거전시,기타,움직이는 미술관,,1990.04.01-1990.10.31,강남성모병원. 조계사. 정부 제1청사 등
과거전시,국립현대미술관,1990년도 동아미술제: 제5회 미술동우회전,,1990.03.26-1990.04.09,대여관
과거전시,기타,국제현대회화 지방순회특별전,,1990.03.18-1990.04.23,대전시민회관. 전주예술회관
과거전시,국립현대미술관,국제현대회화전 기증작품특별전,,1990.01.01-1990.12.31,
과거전시,과천,한국현대예술적신편장(韓國現代藝術的新篇章),김나영. 양석연. 주인숙. 유승호. 홍일. 장세영. 이중진,1989.12.23-1990.02.04,
과거전시,과천,데시가하라 히로시전,데시가하라 히로시,1989.12.01-1990.01.31,1. 2층 중앙홀
과거전시,과천,이태리현대조각의 단면(1946-1989 ),14명,1989.11.15-1989.12.14,제 1전시실
과거전시,과천,임영균: 뉴욕의 한인예술가(1983~1988),임영균,1989.11.01-1989.11.30,
과거전시,과천,제1회 대한민국서예대전,,1989.10.20-1989.11.08,
과거전시,과천,제8회 대한민국미술대전,,1989.10.20-1989.11.08,
과거전시,기타,서울올림픽 기념축제_국제현대회화 지방순회특별전,62명,1989.09.23-1989.10.02,대구시민회관
과거전시,과천,서울올림픽 기념축제_아시아현대미술전,97 명,1989.09.08-1989.10.03,제 2전시실
과거전시,과천,최선명전,,1989.09.01-1989.09.30,
과거전시,과천,`89 현대미술 초대전,강남미 외 359명,1989.08.02-1989.08.31,제 1.2.7전시실. 중앙홀
과거전시,과천,원계홍 회고전,원계홍,1989.07.06-1989.07.25,제6전시실 일부
과거전시,과천,프랑스판화 신세대전,14 명,1989.07.04-1989.07.23,제1전시실
과거전시,과천,이달의 작가_전수천전,전수천,1989.07.01-1989.07.30,
과거전시,과천,운보 김기창전,김기창,1989.06.28-1989.07.11,제 2전시실
과거전시,과천,제15회 앙데빵당전,,1989.06.24-1989.06.30,
과거전시,과천,샘 채컬리언전,샘 채컬리언,1989.06.14-1989.07.23,제1전시실
과거전시,과천,에밀리 카 「숲의 정령전」,에밀리 카,1989.06.02-1989.07.02,제6전시실 일부
과거전시,과천,한우식 초대전,한우식,1989.06.01-1989.06.30,제 5전시실
과거전시,과천,제4회 대한민국공예대전,,1989.05.30-1989.06.18,
과거전시,과천,독일현대회화전,4명,1989.05.05-1989.06.18,제2전시실 및 1층 중앙홀
과거전시,과천,독일바우하우스전,josef albers. alfred arndt. herbert bayer. anton brenner. marcel breuer. lyonel feininger. walter gropius. edvard heiberg. ludwig hilberseimer. ludwig hirschfeld-mack. johannes itten. wassily kandinsky. paul klee. gerhard marcks. adolf meyer. hannes meyer. ludwig mies van der rohe. laszlo moholy-nagy. geory muche. walter peterhans. lili reich. hinnerk scheper. oskar schlemmer. joost schmidt. lothar schreyer. gunta stadler-stolzl. mart stam. hans wittwer,1989.05.03-1989.06.01,제1전시실
과거전시,과천,임세택과 강명희전,임세택. 강명희,1989.04.19-1989.05.18,제 7전시실
과거전시,과천,`89 청년작가전,권석봉외 32명,1989.03.26-1989.04.23,제2전시실 및 중앙전시홀(1층)
과거전시,과천,이달의 작가 '89_신문용전,2월-신문용(양화). 3월-박경란(양화). 4월-이경수(양화). 5월-이자경(양화). <br> 6월-이영희(양화). 7월-전수천(양화). 8월-유연희(양화). 9월-최선영(양화).  <br> 10월-조성희(양화). 11월-임영균(사진). 12월-오원배(양화),1989.02.01-1989.02.28,1층 원형전시실
과거전시,과천,`88 현대미술의상전,가정혜 외 36명,1988.11.26-1988.12.31,1층 중앙홀
과거전시,과천,제19회 전국대학미전,,1988.11.23-1988.12.01,
과거전시,과천,보나노떼. 안토니에타 데 미트리오 작품전,체코 보나노떼. 안토니에타 데 미트리오,1988.11.17-1988.12.04,제 6전시실
과거전시,과천,이달의 작가_신성희전,신성희,1988.11.02-1988.11.30,
과거전시,과천,제7회 대한민국미술대전,,1988.10.25-1988.11.13,
과거전시,과천,장대천 명작전,장대천,1988.10.12-1988.11.11,제6전시실
과거전시,과천,국제현대회화전 기증작품특별전,62명,1988.10.11-1988.12.31,제 5전시실
과거전시,과천,백남준 비디오 인스탈레이션 「다다익선」,,1988.09.15-1988.09.15,램프코어
과거전시,과천,국제현대회화전,156명,1988.08.17-1988.10.05,제1. 7전시실 및 1층 중앙홀 일부
과거전시,과천,한국현대미술전,강행원 외 504명,1988.08.17-1988.10.05,
과거전시,과천,독일 꼴라쥬전,Joseph Beuys. Karl F. Borneff. Jurgen Brodwolf. Wolfgang Ehehalt. Jochen Gerz. Matthias Gessinger. Heinz E. Hirscher. Gerhard Hoehme. Alfonso Huppi. Angelika Janz. Herbert Kaufmann. Fritz Kothe. Jiri Kolar. Werner Kreuzhage. Franz Mon. Miriam Munsky. Ulf Rungenhagen. Michael Schenk. Johannes Schreiter. Bernard Schultz. Max Sollner. Peter Sorge. Wolf vostell,1988.07.20-1988.08.28,1층 원형전시실(외곽일부)
과거전시,과천,제3회 대한민국공예대전,,1988.07.12-1988.12.31,
과거전시,과천,이달의 작가_정연희전,정연희,1988.06.01-1988.06.30,
과거전시,과천,프랑스 20세기 미술전 : 1975-87,8명,1988.05.26-1988.06.25,제7전시실. 제1전시실(일부)
과거전시,과천,비젠도기 일천년전 그리고 지금 - 후지와라 유우의 세계,후지와라 유우,1988.05.10-1988.05.29,제 2전시실
과거전시,과천,이성자 초대전,이성자,1988.04.01-1988.04.30,
과거전시,과천,1988년도 동아미술제: `78~`86 대상. 미술상수상작가초대전,,1988.03.25-1988.04.13,대여관
과거전시,과천,현대이태리미술전,Alighiero Boetti. Luciano Fabro. Gianni Kounellis. Piero Manzoni. Maurizio Mocbetti. Giulio Paolini. Pino Pascali. Michelangelo Pistoletto,1988.03.08-1988.03.26,제2전시실
과거전시,과천,`88 이달의 작가전,3월-박영준(양화). 4월-박혜숙(양화). 5월-노정란(양화). 6월-정연희(양화). 9월-이강자(조각). 10월-조성무(입체). 11월-신성희(양화). 12월- 김흥모(양화),1988.03.01-1988.12.31,1층 원형전시실
과거전시,과천,제2회 대한민국공예대전,,1987.12.03-1987.12.22,
과거전시,과천,`87 현대의상전,가정혜외 40명,1987.12.02-1987.12.31,제1.2전시실
과거전시,과천,미스터리어스(MYSTERIOUS),,1987.11.19-1987.11.26,제 1전시실
과거전시,과천,이달의 작가,,1987.11.11-1987.12.09,1층 원형전시실
과거전시,과천,20세기 이태리 판화·드로잉전,6명,1987.11.10-1987.12.09,3층 회랑전시실
과거전시,과천,제18회 전국대학미전,,1987.11.01-1987.11.10,
과거전시,과천,옐로스톤: 자연의 힘이 ?는 시,토마스 모란,1987.10.15-1987.11.30,제 6전시실 일부
과거전시,과천,제6회 대한민국미술대전: 한국화. 양화. 판화. 조각. 서예,,1987.10.02-1987.10.21,
과거전시,과천,현대미국세라믹전,루디 오티오. 윌리암 데일리. 토니 헵번. 쥰 가네꼬. 마이클 루세로. 커크 맹 거스. 피터 볼코스. 베티 우드만,1987.10.01-1987.10.30,1층 원형전시실
과거전시,과천,한국현대미술에 있어서의 흑과 백전,40명,1987.08.25-1987.10.24,제 5전시실
과거전시,과천,`87 중화민국 현대회화전,63명,1987.08.06-1987.08.30,제 2전시실
과거전시,과천,`87 프린트 어드벤쳐전 - 서울·삿뽀로,<일본작가> 薦井善則. 岡部昌生. 越谷賢一. 末武英一. 矢崎勝美. 石垣光雄. 枾崎 熙. Mike 後藤. 中村興市. 我妻英信. 一原有德. 木村雅信. 佐木 徹. 藤木正則  <br> <한국작가> 권영숙. 김태호. 백금남. 송번수. 이순만. 임영길. 정 일. 하정애. 김봉합. 김현실. 서승원. 윤명노. 이승일. 장영숙. 지석철. 한운경. 김상구. 김형대. 석난희. 이상풍. 이은산. 장화진. 태옥선. 홍재연. 김정병. 박광진. 손철호. 이선 원. 이인화. 전경자. 하동철,1987.07.10-1987.08.08,제 7전시실
과거전시,과천,독일현대조각전,27명,1987.07.07-1987.08.02,제1전시실
과거전시,과천,한·불 건축전,#NAME?,1987.07.04-1987.07.31,제 2전시실
과거전시,과천,제13회 앙데빵당전,,1987.06.25-1987.07.02,
과거전시,과천,`87 현대미술초대전,김기창외 624명,1987.05.23-1987.06.21,제1.2.7전시실 및 1층 중앙홀
과거전시,과천,최욱경전,최욱경,1987.04.28-1987.05.17,제2전시실
과거전시,과천,이림 유작전,이림,1987.04.10-1987.05.17,제1전시실
과거전시,과천,진양욱 유작전,진양욱,1987.03.21-1987.04.30,제 4전시실
과거전시,과천,제24회 목우회 공모미술대전,,1987.03.06-1987.03.13,
과거전시,과천,`87 이달의 작가전,10명,1987.03.01-1987.12.31,
과거전시,과천,`87 청년작가전,25 pieces,1987.02.28-1987.03.29,제 2전시실
과거전시,과천,86 대한민국공예대전,,1986.11.07-1986.12.06,제 7전시실
과거전시,덕수궁,제17회 전국대학미전,,1986.10.20-1986.10.29,
과거전시,과천,제5회 대한민국미술대전: 한국화. 양화. 판화. 조각,,1986.10.15-1986.11.03,
과거전시,과천,프랑스 20세기 미술전,9명,1986.08.26-1986.10.31,제7전시실 및 제1전시실 일부
과거전시,과천,`86 서울아시아 현대미술전,49명,1986.08.26-1986.12.25,1층 원형전시실 및 제1전시실 일부
과거전시,과천,한국현대미술의 어제와 오늘,권영우 외 478명,1986.08.26-1986.10.03,
과거전시,과천,프레데릭 R. 와이즈만 컬렉션전,70명,1986.08.26-1986.10.10,제1전시실
과거전시,과천,국립현대미술관준공개관 기념전,,1986.08.25-1986.12.15,
과거전시,국립현대미술관,제9회 중앙미술대전,,1986.08.07-1986.08.20,국립현대미술관
과거전시,국립현대미술관,제12회 앙데빵당전,,1986.06.12-1986.06.18,국립현대미술관
과거전시,덕수궁,프랑스현대파스텔화전,,1986.05.23-1986.06.08,
과거전시,국립현대미술관,이동훈회고전,이동훈,1986.05.01-1986.05.18,국립현대미술관
과거전시,덕수궁,`84-85 국가기증작품특별전,,1985.12.06-1985.12.25,
과거전시,국립현대미술관,대한민국건축대전,,1985.11.23-1985.12.01,서관(덕수궁 내)
과거전시,덕수궁,박길웅회고전,박길웅,1985.11.13-1985.11.26,
과거전시,국립현대미술관,제16회 전국대학미전,,1985.11.09-1985.11.18,국립현대미술관
과거전시,덕수궁,오지호회고전,오지호,1985.10.24-1985.11.06,
과거전시,국립현대미술관,광복40주년기념 현대미술40년전,175명,1985.10.05-1985.10.18,본관
과거전시,국립현대미술관,제4회 대한민국미술대전: 한국화. 조각. 양화,,1985.09.21-1985.11.02,국립현대미술관
과거전시,덕수궁,최영림회고전,최영림,1985.09.14-1985.09.27,
과거전시,덕수궁,독일현대도예전,,1985.09.03-1985.09.30,
과거전시,덕수궁,85 서울미술대전,,1985.08.26-1985.09.08,동관
과거전시,덕수궁,곽인식초대전,곽인식,1985.08.08-1985.08.19,
과거전시,덕수궁,원로작가초대전: 장우성. 유경채,장우성 외 3명,1985.06.21-1985.07.10,
과거전시,덕수궁,85 현대미술초대전,601명,1985.05.18-1985.06.16,
과거전시,국립현대미술관,제4회 대한민국미술대전_서예공예,,1985.04.20-1985.05.09,국립현대미술관
과거전시,국립현대미술관,1985년도 동아미술제: 사진. 공예. 서예. 문인화공모전,,1985.03.29-1985.04.07,국립현대미술관
과거전시,국립현대미술관,원곡 김기승 기증작품특별전,김기승,1985.03.27-1985.04.14,동관 2층
과거전시,덕수궁,85 청년작가전,43명,1985.03.05-1985.03.24,
과거전시,덕수궁,조선일보 창간 65주년 라울뒤피 명작전,,1985.03.01-1985.03.31,
과거전시,덕수궁,임군홍 특별전,임군홍,1985.01.08-1985.02.08,
과거전시,덕수궁,한국근대미술자료전,,1984.12.05-1984.12.30,
과거전시,덕수궁,송병돈. 박상옥. 박수근 특별전,송병돈. 박상옥. 박수근,1984.10.16-1984.12.16,
과거전시,국립현대미술관,제3회 대한민국미술대전_한국화조각양화,,1984.09.28-1984.10.17,국립현대미술관
과거전시,국립현대미술관,한국천주교회 200주년: 현대종교미술국제전,,1984.07.21-1984.09.14,국립현대미술관
과거전시,국립현대미술관,제7회 중앙미술대전: 공모전. 5·6회 대상작가 초대전,,1984.06.23-1984.07.02,국립현대미술관
과거전시,덕수궁,`84현대미술 초대전,550명,1984.05.18-1984.06.17,
과거전시,국립현대미술관,제3회 대한민국미술대전_서예공예,,1984.04.21-1984.05.10,국립현대미술관
과거전시,국립현대미술관,1984년 동아미술제: 회화. 조각부문공모전,,1984.03.30-1984.04.08,국립현대미술관
과거전시,덕수궁,프랑스성화전,,1984.03.09-1984.04.08,
과거전시,덕수궁,정규 특별전,정규,1984.03.01-1984.04.30,
과거전시,덕수궁,김환기10주기전,김환기,1984.03.01-1984.03.25,
과거전시,덕수궁,서진달 특별전,서진달,1984.01.14-1984.02.29,
과거전시,덕수궁,서울국제임팩트전,29개국 150명(국내20명. 국외130명),1983.12.17-1983.12.30,
과거전시,덕수궁,황술조 특별전,황술조,1983.12.01-1983.12.31,덕수궁 미술관
과거전시,덕수궁,삽화가로서의 현대미술가전,28명,1983.11.10-1983.11.28,
과거전시,덕수궁,한독수교100주년 독일현대미술전,,1983.11.03-1983.11.25,
과거전시,덕수궁,이태리 구상판화전,29명,1983.10.08-1983.10.20,
과거전시,덕수궁,구본웅 특별전,구본웅,1983.09.25-1983.10.30,
과거전시,국립현대미술관,제2회 대한민국미술대전: 한국화·양화·조각,,1983.09.15-1983.10.04,국립현대미술관
과거전시,국립현대미술관,제14회 전국대학미전 목록,,1983.08.24-1983.09.01,국립현대미술관
과거전시,덕수궁,탄생 96주년기념 샤갈전,,1983.08.20-1983.09.18,
과거전시,덕수궁,4회 서울국제판화비엔날레,,1983.07.27-1983.08.15,
과거전시,덕수궁,인도 불교문화 사진전,,1983.07.15-1983.07.24,
과거전시,국립현대미술관,제10회 앙데빵당,,1983.06.28-1983.07.03,국립현대미술관
과거전시,덕수궁,원로작가 초대전(유희강전),유희강,1983.06.04-1983.06.22,
과거전시,국립현대미술관,한국현대사진대표작전,,1983.05.16-1983.05.25,국립현대미술관
과거전시,국립현대미술관,제6회 중앙미술대전: 운보 김기창 세계풍물작품전,,1983.05.14-1983.05.30,국립현대미술관
과거전시,덕수궁,세네갈현대회화전,,1983.04.23-1983.05.15,
과거전시,국립현대미술관,제2회 대한민국미술대전_서예공예,,1983.04.21-1983.05.10,국립현대미술관
과거전시,국립현대미술관,오트볼타전,,1983.04.20-1983.05.09,서관1층 소전시실
과거전시,국립현대미술관,1983년도 동아미술제: 사진. 공예. 서예. 문인화공모전,,1983.04.02-1983.04.11,국립현대미술관
과거전시,덕수궁,영국현대판화전,8명,1983.03.17-1983.03.30,
과거전시,덕수궁,`83 현대미술 초대전,213명,1983.03.01-1983.03.30,
과거전시,덕수궁,`83 청년작가전,26명,1983.02.12-1983.02.25,
과거전시,덕수궁,살바도르 달리 판화전,,1983.01.15-1983.01.25,
과거전시,덕수궁,현대종이의 조형 한국과 일본전,61명(한국31명. 일본30명),1982.12.14-1982.12.27,
과거전시,덕수궁,70년대 이태리현대건축전,24명,1982.11.19-1982.12.07,
과거전시,덕수궁,강창원 건칠전,강창원,1982.11.05-1982.11.14,
과거전시,국립현대미술관,개화기 풍물사진전,,1982.10.13-1982.11.01,소전시실
과거전시,국립현대미술관,제1회 대한민국미술대전_회화조각,,1982.10.02-1982.10.21,국립현대미술관
과거전시,국립현대미술관,전두환 대통령 아프리카 · 카나다 순방 선물 및 사진전시회,,1982.09.30-1982.10.13,국립현대미술관
과거전시,덕수궁,한중 현대 서화전,211명(한국작가93명. 중국작가118명),1982.08.12-1982.09.09,
과거전시,덕수궁,고종황제초상화특별전,허버트 보스,1982.07.30-1983.05.30,
과거전시,덕수궁,`82 현대미술 초대전,188명,1982.07.19-1982.08.08,
과거전시,국립현대미술관,제5회 중앙미술대전,,1982.07.07-1982.07.16,국립현대미술관
과거전시,덕수궁,프랑스 세레파 판화전,11명,1982.06.24-1982.07.04,
과거전시,덕수궁,임응식 초대전(원로작가 초대전),임응식,1982.06.21-1982.07.04,
과거전시,덕수궁,청전 이상범 10주기 기념특별전,이상범,1982.06.16-1982.07.25,
과거전시,덕수궁,17회 한국미술협회전,,1982.06.12-1982.06.18,
과거전시,덕수궁,제1회 대한민국 미술대전: 서예·공예,,1982.05.20-1982.06.08,
과거전시,국립현대미술관,1982 동아미술제,,1982.04.29-1982.05.08,국립현대미술관
과거전시,덕수궁,재외작가 초대전,55명,1982.04.09-1982.04.27,
과거전시,덕수궁,탄생100주년 피카소전,,1982.02.27-1982.04.11,
과거전시,덕수궁,유럽성화(아이콘)전,,1982.02.26-1982.04.02,
과거전시,국립현대미술관,제9회 앙데빵당,,1981.11.23-1981.11.29,국립현대미술관
과거전시,덕수궁,서양화가 눈으로 본 한국의 자연전,57명,1981.11.04-1981.11.20,
과거전시,덕수궁,제30회 국전: 동양화. 서양화. 조각,,1981.10.02-1981.10.31,
과거전시,덕수궁,제 12회 전국대학미전,,1981.09.09-1981.09.18,
과거전시,덕수궁,한국현대수묵화전,54명,1981.08.18-1981.09.02,
과거전시,덕수궁,남관 초대전(원로작가 초대전),남관,1981.08.17-1981.09.13,
과거전시,덕수궁,제30회 국전: 서예. 공예. 건축. 사진,,1981.05.22-1981.06.15,
과거전시,덕수궁,한국미술 `81전,262명,1981.04.17-1981.05.07,
과거전시,덕수궁,드로잉 '81전,,1981.04.02-1981.04.15,
과거전시,덕수궁,`81 청년작가전,22명,1981.03.02-1981.03.16,
과거전시,국립현대미술관,프랑스 르·싸롱 출품작 선정: 제17회 목우회 공모미술전,,1980.12.06-1980.12.12,국립현대미술관
과거전시,덕수궁,전국대학미전,,1980.11.25-1980.12.02,
과거전시,덕수궁,김흥수전(원로작가 초대전),김흥수,1980.11.23-1980.12.12,
과거전시,국립현대미술관,제7회 한국미술대상전,,1980.11.06-1980.11.19,국립현대미술관
과거전시,덕수궁,운보 김기창 초대 회고전(원로작가 초대전),김기창,1980.11.05-1980.11.20,
과거전시,덕수궁,영국회화의 색채전,15명,1980.10.20-1980.10.31,
과거전시,덕수궁,오노레?도미에 판화전,도미에,1980.10.02-1980.10.15,
과거전시,덕수궁,한국판화드로잉대전,135명,1980.10.02-1980.10.15,
과거전시,덕수궁,제29회 국전: 동양화. 서양화. 조각,,1980.10.02-1980.10.31,
과거전시,국립현대미술관,제8회 앙데빵당전,,1980.08.08-1980.08.14,국립현대미술관
과거전시,국립현대미술관,제16회 한국미술협회전,,1980.07.29-1980.08.04,국립현대미술관
과거전시,국립현대미술관,한국미술의 새 시대를 여는 제3회 중앙미술대전,,1980.06.21-1980.07.05,
과거전시,덕수궁,한국현대미술-1950년대 동양화전,89명,1980.06.03-1980.06.19,
과거전시,덕수궁,제29회 국전: 서예. 공예. 건축. 사진,,1980.05.02-1980.05.31,
과거전시,덕수궁,김종영 초대전(원로작가 초대전),김종영,1980.04.03-1980.04.20,
과거전시,국립현대미술관,서울현대미술제,,1979.12.14-1979.12.23,
과거전시,국립현대미술관,제16회 목우회 공모미술전,,1979.12.03-1979.12.12,국립현대미술관
과거전시,국립현대미술관,김흥수초대전,김흥수,1979.11.23-1979.12.12,
과거전시,덕수궁,동양화가의 눈으로 본 한국의 자연전(실경산수화전),72명,1979.11.05-1979.11.20,
과거전시,덕수궁,제28회 국전: 동양화. 서양화. 조각,,1979.10.02-1979.10.31,
과거전시,덕수궁,제10회 대학미전,,1979.09.06-1979.09.13,
과거전시,덕수궁,한국현대미술 - 1950년대 서양화전,60명,1979.09.01-1979.09.14,
과거전시,국립현대미술관,창주 박성환 초대전,,1979.08.22-1979.09.03,국립현대미술관
과거전시,국립현대미술관,제15회 한국미술협회전,,1979.08.14-1979.08.19,국립현대미술관
과거전시,국립현대미술관,제7회 앙데빵당,,1979.07.17-1979.07.23,
과거전시,덕수궁,2회 미술단체 초대 연립전,,1979.06.20-1979.07.03,
과거전시,덕수궁,유영국전(원로작가 초대전),유영국,1979.06.04-1979.06.17,
과거전시,국립현대미술관,한국미술의 새 시대를 여는 제2회 중앙미술대전 ,,1979.06.04-1979.06.17,국립현대미술관
과거전시,덕수궁,제28회 국전: 서예. 공예. 건축. 사진,,1979.05.01-1979.05.30,
과거전시,국립현대미술관,1979년도 동아미술제(사진. 공예. 서예부문 공모전),,1979.04.04-1979.04.17,국립현대미술관
과거전시,덕수궁,제16회 전국회원전,,1979.02.22-1979.02.28,소전시실
과거전시,국립현대미술관,제14회 한국미술협회전,,1978.12.11-1978.12.16,국립현대미술관
과거전시,국립현대미술관,제15회 목우회 공모미술전,,1978.11.24-1978.11.30,국립현대미술관
과거전시,국립현대미술관,제5회 한국미술대상전,,1978.11.13-1978.11.22,국립현대미술관
과거전시,덕수궁,한국현대도예전,14명,1978.11.10-1978.12.10,
과거전시,덕수궁,한국현대미술 20년의 동향전,122명,1978.11.03-1978.11.12,
과거전시,국립현대미술관,제27회 국전(동양화. 서양화. 조각),,1978.10.02-1978.10.31,
과거전시,덕수궁,제9회 대학미전,,1978.09.04-1978.09.11,
과거전시,덕수궁,우향 박래현 초대유작전,박래현,1978.09.01-1978.09.15,
과거전시,국립현대미술관,동양화구주순회귀국전(Traveling Exhibition of Korean Painting),,1978.08.07-1978.08.28,국립현대미술관
과거전시,덕수궁,1회 미술단체초대연립전,,1978.08.03-1978.08.25,
과거전시,덕수궁,이성자 초대전(원로작가 초대전),이성자,1978.07.19-1978.08.01,
과거전시,덕수궁,제5회 한국여류조각가회전,,1978.07.19-1978.08.01,
과거전시,국립현대미술관,제10주년 기념 · 14회 현대공간회조각전,,1978.07.10-1978.07.16,국립혀내미술관
과거전시,국립현대미술관,제6회 앙데빵당전,,1978.07.03-1978.07.08,국립현대미술관
과거전시,덕수궁,한국현대미술대전-서예.건축.사진,130,1978.06.16-1978.07.15,
과거전시,국립현대미술관,한국미술의 새 시대를 여는 제1회 중앙미술대전,,1978.06.03-1978.06.22,국립현대미술관
과거전시,덕수궁,제27회 국전: 서예. 공예. 건축. 사진,,1978.05.02-1978.05.31,
과거전시,덕수궁,유강렬 초대 유작전,유강렬,1978.03.30-1978.04.13,
과거전시,국립현대미술관,1978년도 동아미술제 회화. 조각공모전,,1978.03.30-1978.04.12,국립현대미술관
과거전시,덕수궁,역대국전수상작품전,,1977.11.30-1977.12.30,
과거전시,국립현대미술관,제13회 한국미술협회전,,1977.11.30-1977.12.05,국립현대미술관
과거전시,덕수궁,중국고대서화전,,1977.11.16-1977.11.25,
과거전시,국립현대미술관,제14회 목우회공모미술전,,1977.11.05-1977.11.13,국립현대미술관
과거전시,덕수궁,문화인초대문묵전,,1977.11.05-1977.11.14,
과거전시,덕수궁,제26회 백양회회원전·제11회 백양회공모전,,1977.11.03-1977.11.13,
과거전시,덕수궁,제8회 불교미술전람회,,1977.10.15-1977.10.30,
과거전시,덕수궁,제26회 국전(동양화. 서양화. 조각),,1977.09.30-1977.10.31,
과거전시,국립현대미술관,제8회 전국대학문화예술축전 대학미전,,1977.08.29-1977.09.06,국립현대미술관
과거전시,국립현대미술관,제13회 현대공간회조각전,,1977.07.28-1977.08.03,국립현대미술관
과거전시,덕수궁,제4회 한국여류조각가회전,,1977.07.20-1977.07.26,
과거전시,국립현대미술관,한국여류화가회전,,1977.07.20-1977.07.26,국립현대미술관
과거전시,국립현대미술관,17회 구상전,,1977.07.13-1977.07.22,국립현대미술관
과거전시,국립현대미술관,호주현대사진전,,1977.07.02-1977.07.22,서관
과거전시,덕수궁,제6회 한국신미술회,,1977.07.02-1977.07.11,
과거전시,국립현대미술관,제5회 앙데빵당전,,1977.06.20-1977.06.24,국립현대미술관
과거전시,국립현대미술관,제4회 한국미술대상전,,1977.06.07-1977.06.17,국립현대미술관
과거전시,덕수궁,제26회 국전: 서예. 공예. 건축. 사진,,1977.05.02-1977.05.31,
과거전시,국립현대미술관,오늘의 한국 특별사진전,,1977.04.06-1977.04.19,국립현대미술관
과거전시,덕수궁,한국현대미술대전 - 서양화,147명,1977.03.14-1977.04.02,
과거전시,덕수궁,재미여류화가: 박순 작품전,박순,1977.03.03-1977.03.11,
과거전시,덕수궁,기증작품 특별전,14명,1977.02.01-1977.02.20,
과거전시,국립현대미술관,민족기록화(구국위업편),,1976.11.27-1976.12.12,국립현대미술관
과거전시,덕수궁,독일현대도예전,,1976.11.05-1976.11.24,
과거전시,국립현대미술관,제3회 한국미술대상전,,1976.11.03-1976.11.22,국립현대미술관
과거전시,국립현대미술관,환·히예네스 예술사진전,,1976.10.01-1976.10.07,국립현대미술관
과거전시,국립현대미술관,제7회 전국대학문화예술축전 대학미전 입선작품,,1976.09.06-1976.09.11,국립현대미술관
과거전시,국립현대미술관,제12회 현대공간회조각전,,1976.08.05-1976.08.11,국립현대미술관
과거전시,덕수궁,제5회 한국신미술회,,1976.07.28-1976.08.03,
과거전시,덕수궁,제25회 백양회회원전. 제10회 백양회공모전,,1976.07.28-1976.08.03,
과거전시,덕수궁,우당 유창환 선생 유묵전,유창환,1976.07.21-1976.08.04,
과거전시,국립현대미술관,제12회 한국미술협회회원전,,1976.07.21-1976.07.27,국립현대미술관
과거전시,국립현대미술관,창작미술협회 창립 20주년 기념 공모전,,1976.07.11-1976.07.17,국립현대미술관
과거전시,국립현대미술관,제4회 앙데빵당전,,1976.07.03-1976.07.09,국립현대미술관
과거전시,국립현대미술관,에꼴 드 서울,,1976.06.26-1976.07.01,국립현대미술관
과거전시,덕수궁,제3회 한국여류조각가회전,,1976.06.19-1976.06.24,
과거전시,덕수궁,한국현대미술대전 - 동양화,68명,1976.06.16-1976.07.15,
과거전시,덕수궁,제11회 대한민국 상공미술전람회,,1976.06.04-1976.06.17,
과거전시,국립현대미술관,제13회 목우회공모전,,1976.04.17-1976.04.24,국립현대미술관
과거전시,국립현대미술관,15회 구상전,,1976.04.10-1976.04.15,국립현대미술관
과거전시,국립현대미술관,창조회전,,1976.03.30-1976.04.06,국립현대미술관
과거전시,덕수궁,제13회 전국회원전,,1976.02.28-1976.03.05,
과거전시,국립현대미술관,창조회전,,1975.12.08-1975.12.14,국립현대미술관
과거전시,덕수궁,김환기 회고전,김환기,1975.12.03-1975.12.17,
과거전시,국립현대미술관,제4회 대학국제교류전_제25회 서울대학교 미술대학 미전,,1975.12.02-1975.12.12,국립현대미술관
과거전시,국립현대미술관,중화민국당대미술전시회,,1975.11.10-1975.11.30,국립현대미술관
과거전시,덕수궁,여성세계사진전시회,,1975.11.06-1975.11.26,
과거전시,덕수궁,24회 국전: 제1부 동양화. 서양화. 조각. 제3부 서예(사군자 포함),,1975.10.02-1975.10.31,
과거전시,국립현대미술관,제6회 전국대학문화예술축전 대학미전 입선작품 목록,,1975.09.08-1975.09.13,국립현대미술관
과거전시,국립현대미술관,제3회 앙데빵당전,,1975.08.29-1975.09.03,국립현대미술관
과거전시,국립현대미술관,민족기록화-전승편·경제편,,1975.08.12-1975.08.26,국립현대미술관
과거전시,국립현대미술관,제13회 낙우회조각전,,1975.08.07-1975.08.12,소전시실
과거전시,국립현대미술관,제11회 한국미술협회회원전,,1975.07.21-1975.07.26,국립현대미술관
과거전시,국립현대미술관,제13회 구상전,,1975.07.11-1975.07.16,국립현대미술관
과거전시,덕수궁,제9회 백양회공모전·제24회 백양회회원전,,1975.07.11-1975.07.16,
과거전시,덕수궁,한국현대미술대전 - 공예,100명,1975.07.09-1975.07.27,
과거전시,국립현대미술관,12회 목우회공모전,,1975.07.01-1975.07.07,국립현대미술관
과거전시,덕수궁,1st GROUP 平面,곽남신. 김용익. 김선. 박재희. 장석원. 정찬석. 최경식. 최병찬,1975.07.01-1975.07.07,
과거전시,국립현대미술관,제1회 7-5인회전,,1975.06.23-1975.06.29,국립현대미술관
과거전시,국립현대미술관,제20회 창작미술협회전,,1975.06.22-1975.06.27,국립현대미술관
과거전시,덕수궁,제3회 여류화가회전,,1975.06.21-1975.06.28,
과거전시,덕수궁,제2회 한국여류조각가회전,,1975.06.21-1975.06.28,
과거전시,국립현대미술관,제6회 한국현대조각회전,,1975.06.14-1975.06.20,국립현대미술관
과거전시,국립현대미술관,제10회 대한민국 상공미전,,1975.06.05-1975.06.18,국립현대미술관
과거전시,덕수궁,24회 국전: 제2부 동양화. 서양화. 조각. 제4부 공예. 건축. 사진,,1975.05.02-1975.05.31,
과거전시,국립현대미술관,제2회 앙데빵당전,,1974.12.20-1974.12.28,국립현대미술관
과거전시,국립현대미술관,제3회 대학국제교류전,,1974.11.02-1974.11.14,국립현대미술관
과거전시,국립현대미술관,12회 낙우회조각전,,1974.11.01-1974.11.07,소전시실
과거전시,덕수궁,23회 국전,,1974.10.02-1974.10.31,
과거전시,국립현대미술관,제5회 전국대학문화예술축전 대학미전 입선작품 목록,,1974.09.10-1974.09.17,국립현대미술관
과거전시,덕수궁,제1회 한국여류조각가회전,,1974.09.05-1974.09.12,소전시실
과거전시,덕수궁,원로작가 초대전,36명,1974.09.02-1974.09.13,
과거전시,덕수궁,제11회 구상전,,1974.07.21-1974.08.02,
과거전시,덕수궁,제8회 백양회공모전·제23회 백양회회원전,,1974.07.19-1974.08.02,
과거전시,국립현대미술관,제2회 여류화가회전,,1974.07.04-1974.07.12,국립현대미술관
과거전시,국립현대미술관,제19회 창작미술협회전 및 제2회 한일미술작품교류서울전,,1974.07.03-1974.07.17,국립현대미술관
과거전시,덕수궁,제9회 현대공간회조각전,,1974.06.30-1974.07.07,
과거전시,덕수궁,제9회 대한민국 상공미전,,1974.06.15-1974.06.30,
과거전시,덕수궁,한국현대미술대전 - 조각,111명,1974.06.10-1974.06.30,
과거전시,국립현대미술관,제11회 목우회공모전,,1974.06.03-1974.06.10,국립현대미술관
과거전시,덕수궁,23회 국전,,1974.05.02-1974.05.31,
과거전시,국립현대미술관,제10회 한국미술협회회원전,,1974.03.28-1974.04.10,국립현대미술관
과거전시,국립현대미술관,민족 기록화 전시회(경제편),,1974.03.14-1974.03.26,국립현대미술관
과거전시,국립현대미술관,영국수채화전,,1974.03.08-1974.03.24,서관
과거전시,덕수궁,제28회 서울대학교 미술대학 졸업작품전,,1974.02.12-1974.02.17,
과거전시,덕수궁,제22회 백양회전,,1973.12.10-1973.12.23,
과거전시,덕수궁,22회 국전,,1973.10.10-1973.11.15,
과거전시,국립현대미술관,제4회 전국대학문화예술축전 대학미전,,1973.09.14-1973.09.20,국립현대미술관
과거전시,국립현대미술관,제3회 대한민국 건축 및 사진전람회,,1973.09.01-1973.09.20,국립현대미술관
과거전시,국립현대미술관,제18회 창작미술가협회전,,1973.08.20-1973.08.29,국립현대미술관
과거전시,덕수궁,제10회 구상전,,1973.08.18-1973.08.27,
과거전시,덕수궁,제23회 서울대학교 미술대학 미전: 제2회 대학국제교류전,,1973.07.31-1973.08.09,덕수궁
과거전시,덕수궁,한국현역화가 100인전,113명,1973.07.05-1973.08.04,
과거전시,국립현대미술관,제8회 상공미전: 1973 한국포장대전,,1973.06.01-1973.06.15,경복궁
과거전시,국립현대미술관,제10회 목우회공모전,,1973.05.03-1973.05.15,국립현대미술관
과거전시,국립현대미술관,제7회 백양회공모전,,1973.05.03-1973.05.15,국립현대미술관
과거전시,국립현대미술관,한국아방가르드협회 AG전,,1972.12.11-1972.12.25,경복궁
과거전시,국립현대미술관,월남전 기록화 전시회,,1972.12.08-1972.12.22,국립현대미술관
과거전시,국립현대미술관,새마을 미술전,,1972.10.10-1972.11.15,국립현대미술관
과거전시,국립현대미술관,21회 국전,,1972.10.10-1972.11.15,경복궁내
과거전시,국립현대미술관,제3회 전국대학문화예술축전 대학미전,,1972.09.12-1972.09.18,국립현대미술관
과거전시,국립현대미술관,프랑스 명화전_밀레 특별전,,1972.08.23-1972.09.24,
과거전시,국립현대미술관,제1회 앙데빵당전,,1972.08.01-1972.08.15,국립현대미술관
과거전시,국립현대미술관,한국근대미술 60년전,145명,1972.06.27-1972.07.26,경복궁미술관
과거전시,국립현대미술관,제9회 목우회공모전,,1972.06.01-1972.06.20,국립현대미술관
과거전시,국립현대미술관,미국판화특별전,,1972.06.01-1972.06.20,국립현대미술관
과거전시,국립현대미술관,제22회 서울대학교 미술대학 미전,,1972.05.25-1972.05.31,경복궁
과거전시,국립현대미술관,제7회 대한민국 상공미술전람회,,1972.04.17-1972.04.30,국립현대미술관
과거전시,국립현대미술관,6회 백양회공모전·21회 백양회회원전,,1971.11.24-1971.11.30,국립현대미술관
과거전시,국립현대미술관,20회 국전,,1971.10.11-1971.11.14,경복궁미술관
과거전시,국립현대미술관,샤갈특별전,마르크 샤갈,1971.08.21-1971.09.20,국립현대미술관
과거전시,국립현대미술관,프랑스 현대 유화전,,1971.08.21-1971.09.20,국립현대미술관
과거전시,국립현대미술관,창립 10주년 기념 제8회 한국미술협회회원전,,1971.07.31-1971.08.19,국립현대미술관
과거전시,기타,제2회 전국대학문화예술축전,,1971.06.21-1971.09.30,시민회관·국립극장·국립현대미술관·국립중앙공보관
과거전시,국립현대미술관,대학미전(입선자 명단),,1971.06.21-1971.07.05,국립현대미술관
과거전시,국립현대미술관,1971 한국미술대상전,,1971.05.10-1971.06.09,경복궁 내
과거전시,국립현대미술관,제8회 목우회공모전,,1971.04.10-1971.05.03,국립현대미술관
과거전시,국립현대미술관,3.1절기념 한국 판화 종합 대전람회,,1971.03.01-1971.04.05,경복궁미술관
과거전시,국립현대미술관,19회 국전,,1970.10.17-1970.11.16,경복궁미술관
과거전시,국립현대미술관,국립현대미술관 주관: 한국현대조각연합전,김봉구. 신석필. 장현탁. 백현옥. 최국병. 황교영. 엄태정. 강정식. 유종민. 조재구. 김영중. 이종각. 김영학. 김찬식. 최기원. 이승택. 김세경. 손필영. 심문섭. 오세원. 장도수. 장정남. 전준. 황인우,1970.05.05-1970.05.30,국립현대미술관
과거전시,국립현대미술관,한국현대미술연합전,,1970.05.01-1970.05.30,경복궁미술관
과거전시,국립현대미술관,국립현대미술관 주관: 백양회전·동양화전,김기창. 박래현. 김화경. 조중현. 성재휴. 이영수. 김정현. 이유태. 장덕. 심경자. 허건. 김홍종. 김원. 김학수. 김은호. 변관식. 박노수. 장우성. 서세옥. 장운상. 권영우,1970.05.01-1970.05.30,국립현대미술관
과거전시,국립현대미술관,제7회 목우회공모전,,1970.05.01-1970.05.30,국립현대미술관
과거전시,국립현대미술관,루브르미술관소장 현대프랑스명화전,,1970.03.05-1970.04.05,국립현대미술관
과거전시,국립현대미술관,18회 국전,,1969.10.20-1969.11.20,경복궁미술관
과거전시,국립현대미술관,제17회 국전,,1968.10.05-1968.11.05,경복궁미술관
과거전시,국립현대미술관,제3회 대한민국상공미술전람회,,1968.07.25-1968.08.24,경복궁미술관
과거전시,국립현대미술관,제16회 국전,,1967.10.01-1967.10.31,경복궁미술관
과거전시,덕수궁,제2회 대한민국상공미술전람회,,1967.09.01-1967.09.30,종합전시장
과거전시,국립현대미술관,제15회 국전,,1966.10.12-1966.11.10,경복궁미술관
과거전시,국립현대미술관,제10회 현대작가초대미술전,,1966.09.04-1966.09.13,경복궁미술관
과거전시,국립현대미술관,제1회 대한민국 상공미술전람회,,1966.08.03-1966.08.22,경복궁미술관
과거전시,국립현대미술관,제3회 목우회공모미술전 제12회 목우회회원작품전,,1966.06.18-1966.06.27,경복궁미술관
과거전시,국립현대미술관,제5회 신인예술상 미술건축입선작전시회,,1966.06.01-1966.06.08,경복궁미술관
과거전시,덕수궁,제3회 원형회조각전,,1966.05.26-1966.06.06,야외전
과거전시,국립현대미술관,제14회 국전,,1965.10.16-1965.11.15,경복궁미술관
과거전시,국립현대미술관,제4회 신인예술상 미술건축입선작전시회,,1965.06.12-1965.06.18,경복궁미술관
과거전시,국립현대미술관,제3회 신상전,,1964.06.28-1964.07.07,경복궁미술관
과거전시,국립현대미술관,제2회 목우회공모미술전,,1964.06.02-1964.06.10,경복궁미술관
과거전시,국립현대미술관,제2회 신상전,,1963.05.19-1963.05.31,경복궁미술관
과거전시,국립현대미술관,제7회 현대작가초대공모전,,1963.04.18-1963.04.30,경복궁미술관
과거전시,국립현대미술관,제2회 신인예술상 미술건축입선작전시회,,1963.03.23-1963.03.29,경복궁미술관
과거전시,국립현대미술관,제11회 대한민국미술전람회,,1962.10.10-1962.11.10,경복궁. 덕수궁미술관
과거전시,국립현대미술관,제1회 신인예술상 미술·건축 전시회,,1962.05.14-1962.05.25,경복궁미술관
과거전시,국립현대미술관,제6회 현대작가초대공모전,,1962.04.10-1962.05.07,경복궁미술관
과거전시,국립현대미술관,연립전,,1961.10.01-1961.10.07,경복궁미술관
과거전시,국립현대미술관,제9회 국전목록,,1960.10.01-1960.10.30,경복궁미술관
과거전시,덕수궁,4회 청소년적십자 국제친선미술전,,1959.05.04-1959.05.10,
과거전시,국립현대미술관,제3회 현대작가미술전,,1959.04.24-1959.05.13,
과거전시,덕수궁,제4회 현대전,,1958.11.28-1958.12.08,
과거전시,국립현대미술관,제4회 홍익대학 미술전람회 목록,,1958.11.16-1958.11.25,경복궁미술관
과거전시,국립현대미술관,현대작가초대미술전,,1957.11.21-1957.12.04,경복궁미술관
과거전시,국립현대미술관,제3회 전국여자중·고등학교학생미술전람회출품목록,,1956.10.25-1956.11.01,경복궁미술관
